-- SEED CARDÁPIO no modelo novo (produtos/grupos/opcoes). Idempotente (ON CONFLICT id DO NOTHING).
SET search_path TO khardela, public;
-- categoria Copos (cortesia) se não existir
INSERT INTO menu_categorias (tenant_id, codigo, nome, ordem, ativa) VALUES ('khardela:premiumpizzas:sjrp','copos','Copos',90,TRUE) ON CONFLICT (tenant_id, codigo) DO NOTHING;
INSERT INTO produtos (id,tenant_id,categoria_id,nome,descricao,tipo_montagem,preco_base,regra_preco,gratuito,status,ordem) VALUES ('653d8df4-7d64-5c84-8e7d-c9ca0a9d09d6','khardela:premiumpizzas:sjrp',(SELECT id FROM menu_categorias WHERE tenant_id='khardela:premiumpizzas:sjrp' AND codigo='pizza_grande'),'Pizza Grande','Pizza grande (8 pedaços). Escolha até 2 sabores.','MONTAVEL',0,'SOMA',FALSE,'ATIVO',1) ON CONFLICT (id) DO NOTHING;
INSERT INTO opcao_grupos (id,tenant_id,produto_id,nome,ordem,min_escolhas,max_escolhas,permite_repeticao,regra_preco,condicao) VALUES ('e53be2ba-111e-5c53-a933-f2329ddf5315','khardela:premiumpizzas:sjrp','653d8df4-7d64-5c84-8e7d-c9ca0a9d09d6','Estilo de borda',1,1,1,FALSE,'SOMA','{}'::jsonb) ON CONFLICT (id) DO NOTHING;
INSERT INTO opcoes (id,tenant_id,grupo_id,nome,descricao,preco,status,ingredientes,codigo_externo,ordem) VALUES ('9cf077e1-9363-5e9a-a375-da68e4e3e110','khardela:premiumpizzas:sjrp','e53be2ba-111e-5c53-a933-f2329ddf5315','Sem borda recheada',NULL,0.0,'ATIVO','[]'::jsonb,NULL,1) ON CONFLICT (id) DO NOTHING;
INSERT INTO opcoes (id,tenant_id,grupo_id,nome,descricao,preco,status,ingredientes,codigo_externo,ordem) VALUES ('0b242fa9-cffa-51fa-a7c0-b735e616f86f','khardela:premiumpizzas:sjrp','e53be2ba-111e-5c53-a933-f2329ddf5315','Borda Vulcão',NULL,24.9,'ATIVO','[]'::jsonb,NULL,2) ON CONFLICT (id) DO NOTHING;
INSERT INTO opcoes (id,tenant_id,grupo_id,nome,descricao,preco,status,ingredientes,codigo_externo,ordem) VALUES ('2371124c-4e1a-5b37-a58c-f7b98329cf0d','khardela:premiumpizzas:sjrp','e53be2ba-111e-5c53-a933-f2329ddf5315','Borda Tradicional Recheada',NULL,24.9,'ATIVO','[]'::jsonb,NULL,3) ON CONFLICT (id) DO NOTHING;
INSERT INTO opcoes (id,tenant_id,grupo_id,nome,descricao,preco,status,ingredientes,codigo_externo,ordem) VALUES ('15b10c85-53a1-5fe6-ab14-dcc7c0da6688','khardela:premiumpizzas:sjrp','e53be2ba-111e-5c53-a933-f2329ddf5315','Borda Pãozinho',NULL,29.9,'ATIVO','[]'::jsonb,NULL,4) ON CONFLICT (id) DO NOTHING;
INSERT INTO opcao_grupos (id,tenant_id,produto_id,nome,ordem,min_escolhas,max_escolhas,permite_repeticao,regra_preco,condicao) VALUES ('169cd28f-38b2-51f8-ae7b-0f6231c2708b','khardela:premiumpizzas:sjrp','653d8df4-7d64-5c84-8e7d-c9ca0a9d09d6','Sabores (escolha 2, pode repetir o mesmo)',2,2,2,TRUE,'SOMA','{}'::jsonb) ON CONFLICT (id) DO NOTHING;
INSERT INTO opcoes (id,tenant_id,grupo_id,nome,descricao,preco,status,ingredientes,codigo_externo,ordem) VALUES ('9a09cdc6-faf1-596c-b703-e8f79afa407f','khardela:premiumpizzas:sjrp','169cd28f-38b2-51f8-ae7b-0f6231c2708b','Calabresa','Molho Premium, Mussarela, Calabresa, Cebola Roxa, Orégano',47.45,'ATIVO','["molho premium", "mussarela", "calabresa", "cebola roxa", "oregano"]'::jsonb,'6005397.4907255',1) ON CONFLICT (id) DO NOTHING;
INSERT INTO opcoes (id,tenant_id,grupo_id,nome,descricao,preco,status,ingredientes,codigo_externo,ordem) VALUES ('f6c63605-2e77-5127-8ada-99e1306e304f','khardela:premiumpizzas:sjrp','169cd28f-38b2-51f8-ae7b-0f6231c2708b','Calabacon','Molho Premium, Calabresa, Bacon, Mussarela, Cebola Roxa, Orégano',47.45,'ATIVO','["molho premium", "calabresa", "bacon", "mussarela", "cebola roxa", "oregano"]'::jsonb,'6005397.4907256',2) ON CONFLICT (id) DO NOTHING;
INSERT INTO opcoes (id,tenant_id,grupo_id,nome,descricao,preco,status,ingredientes,codigo_externo,ordem) VALUES ('78094b78-4378-539d-b92c-5937d8e793e2','khardela:premiumpizzas:sjrp','169cd28f-38b2-51f8-ae7b-0f6231c2708b','Bacon com Batata Palha','Molho Premium, Mussarela, Bacon, Batata Palha, Milho, Tomate, Orégano',47.45,'ATIVO','["molho premium", "mussarela", "bacon", "batata palha", "milho", "tomate", "oregano"]'::jsonb,'6005397.4907253',3) ON CONFLICT (id) DO NOTHING;
INSERT INTO opcoes (id,tenant_id,grupo_id,nome,descricao,preco,status,ingredientes,codigo_externo,ordem) VALUES ('8cff68c6-cca9-5370-ab3f-17643a282270','khardela:premiumpizzas:sjrp','169cd28f-38b2-51f8-ae7b-0f6231c2708b','Frango com Bacon','Molho Premium, Frango, Mussarela, Bacon, Milho, Azeitona, Orégano',47.45,'ATIVO','["molho premium", "frango", "mussarela", "bacon", "milho", "azeitona", "oregano"]'::jsonb,'6005397.4907257',4) ON CONFLICT (id) DO NOTHING;
INSERT INTO opcoes (id,tenant_id,grupo_id,nome,descricao,preco,status,ingredientes,codigo_externo,ordem) VALUES ('9eb2c9be-aff0-50d7-ab17-186391199c1a','khardela:premiumpizzas:sjrp','169cd28f-38b2-51f8-ae7b-0f6231c2708b','Frango com Catupiry','Molho Premium, Frango, Mussarela, Catupiry, Milho, Azeitona, Orégano',47.45,'ATIVO','["molho premium", "frango", "mussarela", "catupiry", "milho", "azeitona", "oregano"]'::jsonb,'6005397.4907258',5) ON CONFLICT (id) DO NOTHING;
INSERT INTO opcoes (id,tenant_id,grupo_id,nome,descricao,preco,status,ingredientes,codigo_externo,ordem) VALUES ('3f2802ff-6330-5bf9-a7c8-643660f8c45f','khardela:premiumpizzas:sjrp','169cd28f-38b2-51f8-ae7b-0f6231c2708b','Margherita','Molho Premium, Mussarela, Tomate, Manjericão, Orégano',47.45,'ATIVO','["molho premium", "mussarela", "tomate", "manjericao", "oregano"]'::jsonb,'6005397.4907259',6) ON CONFLICT (id) DO NOTHING;
INSERT INTO opcoes (id,tenant_id,grupo_id,nome,descricao,preco,status,ingredientes,codigo_externo,ordem) VALUES ('ce3c41af-221e-54e6-a81c-66e6688895ca','khardela:premiumpizzas:sjrp','169cd28f-38b2-51f8-ae7b-0f6231c2708b','Mussarela','Molho Premium, Mussarela, Tomate, Orégano',47.45,'ATIVO','["molho premium", "mussarela", "tomate", "oregano"]'::jsonb,'6005397.4907260',7) ON CONFLICT (id) DO NOTHING;
INSERT INTO opcoes (id,tenant_id,grupo_id,nome,descricao,preco,status,ingredientes,codigo_externo,ordem) VALUES ('3933edaf-f04b-533d-aa1e-4f5500305876','khardela:premiumpizzas:sjrp','169cd28f-38b2-51f8-ae7b-0f6231c2708b','Portuguesa','Molho Premium, Mussarela, Calabresa, Presunto, Ovo, Cebola, Azeitona, Orégano',47.45,'ATIVO','["molho premium", "mussarela", "calabresa", "presunto", "ovo", "cebola", "azeitona", "oregano"]'::jsonb,'6005397.4907261',8) ON CONFLICT (id) DO NOTHING;
INSERT INTO opcoes (id,tenant_id,grupo_id,nome,descricao,preco,status,ingredientes,codigo_externo,ordem) VALUES ('613ec16d-cb8d-5394-b03d-0f1f54c0282b','khardela:premiumpizzas:sjrp','169cd28f-38b2-51f8-ae7b-0f6231c2708b','Mussarela com Bacon','Molho Premium, Mussarela, Tomate, Milho, Bacon, Orégano',47.45,'ATIVO','["molho premium", "mussarela", "tomate", "milho", "bacon", "oregano"]'::jsonb,'6005397.4907262',9) ON CONFLICT (id) DO NOTHING;
INSERT INTO opcoes (id,tenant_id,grupo_id,nome,descricao,preco,status,ingredientes,codigo_externo,ordem) VALUES ('b445eca7-9795-55f6-ac11-10ea2051325e','khardela:premiumpizzas:sjrp','169cd28f-38b2-51f8-ae7b-0f6231c2708b','Palmito Cremoso','Molho Premium, Mussarela, Palmito, Milho, Catupiry, Orégano',47.45,'ATIVO','["molho premium", "mussarela", "palmito", "milho", "catupiry", "oregano"]'::jsonb,'6005397.4907263',10) ON CONFLICT (id) DO NOTHING;
INSERT INTO opcoes (id,tenant_id,grupo_id,nome,descricao,preco,status,ingredientes,codigo_externo,ordem) VALUES ('6468b488-aa8e-578a-a818-fc4d64586241','khardela:premiumpizzas:sjrp','169cd28f-38b2-51f8-ae7b-0f6231c2708b','Sexta-Santa','Molho Premium, Mussarela, Palmito, Tomate, Milho, Catupiry, Orégano',47.45,'ATIVO','["molho premium", "mussarela", "palmito", "tomate", "milho", "catupiry", "oregano"]'::jsonb,'6005397.4907264',11) ON CONFLICT (id) DO NOTHING;
INSERT INTO opcoes (id,tenant_id,grupo_id,nome,descricao,preco,status,ingredientes,codigo_externo,ordem) VALUES ('a6afe11d-b73f-5697-934a-f3aaf8c9434f','khardela:premiumpizzas:sjrp','169cd28f-38b2-51f8-ae7b-0f6231c2708b','Rúcula Premium','Molho Premium, Mussarela, Palmito, Milho, Tomate Cereja, Rúcula, Azeitona, Azeite, Orégano',47.45,'ATIVO','["molho premium", "mussarela", "palmito", "milho", "tomate cereja", "rucula", "azeitona", "azeite", "oregano"]'::jsonb,'6005397.4907266',12) ON CONFLICT (id) DO NOTHING;
INSERT INTO opcoes (id,tenant_id,grupo_id,nome,descricao,preco,status,ingredientes,codigo_externo,ordem) VALUES ('4aa14c51-5553-581c-957b-4ddd4b691fdd','khardela:premiumpizzas:sjrp','169cd28f-38b2-51f8-ae7b-0f6231c2708b','Quatro Queijos','Molho Premium, Mussarela, Provolone, Catupiry, Parmesão, Orégano',47.45,'ATIVO','["molho premium", "mussarela", "provolone", "catupiry", "parmesao", "oregano"]'::jsonb,'6005397.4907267',13) ON CONFLICT (id) DO NOTHING;
INSERT INTO opcoes (id,tenant_id,grupo_id,nome,descricao,preco,status,ingredientes,codigo_externo,ordem) VALUES ('202a3f16-1fa3-512f-b73b-ae88e9c8899d','khardela:premiumpizzas:sjrp','169cd28f-38b2-51f8-ae7b-0f6231c2708b','5 Queijos','Molho Premium, Mussarela, Provolone, Catupiry, Cheddar, Parmesão, Orégano',59.95,'ATIVO','["molho premium", "mussarela", "provolone", "catupiry", "cheddar", "parmesao", "oregano"]'::jsonb,'6005397.4907268',14) ON CONFLICT (id) DO NOTHING;
INSERT INTO opcoes (id,tenant_id,grupo_id,nome,descricao,preco,status,ingredientes,codigo_externo,ordem) VALUES ('dada231a-4dc8-55ab-88c6-54ccafad7c0f','khardela:premiumpizzas:sjrp','169cd28f-38b2-51f8-ae7b-0f6231c2708b','Pepperoni','Molho Premium, Mussarela, Pepperoni, Tomate Cereja, Orégano',59.95,'ATIVO','["molho premium", "mussarela", "pepperoni", "tomate cereja", "oregano"]'::jsonb,'6005397.4907269',15) ON CONFLICT (id) DO NOTHING;
INSERT INTO opcoes (id,tenant_id,grupo_id,nome,descricao,preco,status,ingredientes,codigo_externo,ordem) VALUES ('42c6a215-31e9-577d-8902-52d0c51be5c4','khardela:premiumpizzas:sjrp','169cd28f-38b2-51f8-ae7b-0f6231c2708b','Lombo','Molho Premium, Mussarela, Lombo Canadense, Milho, Catupiry, Alho-Poró, Bacon, Orégano',64.95,'ATIVO','["molho premium", "mussarela", "lombo", "milho", "catupiry", "alho poro", "bacon", "oregano"]'::jsonb,'6005397.4907270',16) ON CONFLICT (id) DO NOTHING;
INSERT INTO opcoes (id,tenant_id,grupo_id,nome,descricao,preco,status,ingredientes,codigo_externo,ordem) VALUES ('76cb688b-d132-5c83-88ef-1512170bcc00','khardela:premiumpizzas:sjrp','169cd28f-38b2-51f8-ae7b-0f6231c2708b','Do Cheff','Molho Premium, Mussarela, Palmito, Milho, Calabresa, Bacon, Orégano',59.95,'ATIVO','["molho premium", "mussarela", "palmito", "milho", "calabresa", "bacon", "oregano"]'::jsonb,'6005397.4907271',17) ON CONFLICT (id) DO NOTHING;
INSERT INTO opcoes (id,tenant_id,grupo_id,nome,descricao,preco,status,ingredientes,codigo_externo,ordem) VALUES ('46534d58-a4a0-583f-832b-ec55c8ee13d2','khardela:premiumpizzas:sjrp','169cd28f-38b2-51f8-ae7b-0f6231c2708b','Frango Cremoso','Molho Premium, Frango, Mussarela, Milho, Catupiry, Tomate, Bacon em Cubos, Orégano',59.95,'ATIVO','["molho premium", "frango", "mussarela", "milho", "catupiry", "tomate", "bacon em cubos", "oregano"]'::jsonb,'6005397.4907272',18) ON CONFLICT (id) DO NOTHING;
INSERT INTO opcoes (id,tenant_id,grupo_id,nome,descricao,preco,status,ingredientes,codigo_externo,ordem) VALUES ('2bbdd16f-e8b5-5b05-9f5b-cfe473c5928e','khardela:premiumpizzas:sjrp','169cd28f-38b2-51f8-ae7b-0f6231c2708b','Premium','Molho Premium, Frango, Mussarela, Calabresa, Bacon, Milho, Azeitona, Orégano',59.95,'ATIVO','["molho premium", "frango", "mussarela", "calabresa", "bacon", "milho", "azeitona", "oregano"]'::jsonb,'6005397.4907273',19) ON CONFLICT (id) DO NOTHING;
INSERT INTO opcoes (id,tenant_id,grupo_id,nome,descricao,preco,status,ingredientes,codigo_externo,ordem) VALUES ('f2dad242-80fb-596a-a1b0-6a378f42743c','khardela:premiumpizzas:sjrp','169cd28f-38b2-51f8-ae7b-0f6231c2708b','Mr. Pig','Molho Premium, Mussarela, Calabresa, Catupiry, Milho, Tomate, Bacon em Cubos, Orégano',59.95,'ATIVO','["molho premium", "mussarela", "calabresa", "catupiry", "milho", "tomate", "bacon em cubos", "oregano"]'::jsonb,'6005397.4907274',20) ON CONFLICT (id) DO NOTHING;
INSERT INTO opcoes (id,tenant_id,grupo_id,nome,descricao,preco,status,ingredientes,codigo_externo,ordem) VALUES ('1886a849-cb6b-550e-97be-720a6aef23c5','khardela:premiumpizzas:sjrp','169cd28f-38b2-51f8-ae7b-0f6231c2708b','Suprema','Molho Premium, Mussarela, Presunto, Calabresa, Bacon, Milho, Catupiry, Orégano',64.95,'ATIVO','["molho premium", "mussarela", "presunto", "calabresa", "bacon", "milho", "catupiry", "oregano"]'::jsonb,'6005397.4907276',21) ON CONFLICT (id) DO NOTHING;
INSERT INTO opcoes (id,tenant_id,grupo_id,nome,descricao,preco,status,ingredientes,codigo_externo,ordem) VALUES ('2576c533-6bbb-5f2e-ad93-9f5f8ac67a5c','khardela:premiumpizzas:sjrp','169cd28f-38b2-51f8-ae7b-0f6231c2708b','Mignon','Molho Premium, Filé Mignon, Mussarela, Tomate Cereja, Parmesão, Orégano',74.95,'ATIVO','["molho premium", "mignon", "mussarela", "tomate cereja", "parmesao", "oregano"]'::jsonb,'6005397.5074180',22) ON CONFLICT (id) DO NOTHING;
INSERT INTO opcoes (id,tenant_id,grupo_id,nome,descricao,preco,status,ingredientes,codigo_externo,ordem) VALUES ('714b80f9-f2a0-5044-bbc7-9cf5748b5a70','khardela:premiumpizzas:sjrp','169cd28f-38b2-51f8-ae7b-0f6231c2708b','Mignon Cremosa','Molho Premium, Filé Mignon, Mussarela, Tomate Cereja, Catupiry, Orégano',74.95,'ATIVO','["molho premium", "mignon", "mussarela", "tomate cereja", "catupiry", "oregano"]'::jsonb,'6005397.5074182',23) ON CONFLICT (id) DO NOTHING;
INSERT INTO opcoes (id,tenant_id,grupo_id,nome,descricao,preco,status,ingredientes,codigo_externo,ordem) VALUES ('da8092ba-2e82-59d5-9477-1c6124153bfc','khardela:premiumpizzas:sjrp','169cd28f-38b2-51f8-ae7b-0f6231c2708b','Mignon com Fritas','Molho Premium, Filé Mignon, Mussarela, Bacon em Cubos, Batata Frita, Orégano',74.95,'ATIVO','["molho premium", "mignon", "mussarela", "bacon em cubos", "batata frita", "oregano"]'::jsonb,'6005397.12881556',24) ON CONFLICT (id) DO NOTHING;
INSERT INTO opcoes (id,tenant_id,grupo_id,nome,descricao,preco,status,ingredientes,codigo_externo,ordem) VALUES ('8bbeb06f-cbb2-5a20-b38c-7187d26ab0b8','khardela:premiumpizzas:sjrp','169cd28f-38b2-51f8-ae7b-0f6231c2708b','Camarão Rosa','Molho Premium, Camarão Rosa, Mussarela, Catupiry, Pimentões, Tomate Cereja, Alho-Poró, Azeite, Limão, Sal, Orégano',89.95,'ATIVO','["molho premium", "camarao", "mussarela", "catupiry", "pimentao", "tomate cereja", "alho poro", "azeite", "limao", "sal", "oregano"]'::jsonb,'6005397.12881559',25) ON CONFLICT (id) DO NOTHING;
INSERT INTO opcoes (id,tenant_id,grupo_id,nome,descricao,preco,status,ingredientes,codigo_externo,ordem) VALUES ('72662ac7-7333-5561-ba3a-e2459a1c7a02','khardela:premiumpizzas:sjrp','169cd28f-38b2-51f8-ae7b-0f6231c2708b','Branco Supremo','Chocolate Branco, Morangos, Chips Branco',44.95,'ATIVO','["chocolate branco", "morango", "chips branco"]'::jsonb,'6005397.12881557',26) ON CONFLICT (id) DO NOTHING;
INSERT INTO opcoes (id,tenant_id,grupo_id,nome,descricao,preco,status,ingredientes,codigo_externo,ordem) VALUES ('7034ff0e-8310-59e8-9126-22bd1466b72f','khardela:premiumpizzas:sjrp','169cd28f-38b2-51f8-ae7b-0f6231c2708b','Choco Premium','Nutella, Ferrero Rocher, Avelã Triturada',64.95,'ATIVO','["nutella", "ferrero rocher", "avela"]'::jsonb,'6005397.4907277',27) ON CONFLICT (id) DO NOTHING;
INSERT INTO opcoes (id,tenant_id,grupo_id,nome,descricao,preco,status,ingredientes,codigo_externo,ordem) VALUES ('7724af25-f917-5d76-9654-069ce89faa08','khardela:premiumpizzas:sjrp','169cd28f-38b2-51f8-ae7b-0f6231c2708b','Diamante Negro','Chocolate ao Leite, Diamante Negro, Chips ao Leite',44.95,'ATIVO','["chocolate ao leite", "diamante negro", "chips ao leite"]'::jsonb,'6005397.4907279',28) ON CONFLICT (id) DO NOTHING;
INSERT INTO opcoes (id,tenant_id,grupo_id,nome,descricao,preco,status,ingredientes,codigo_externo,ordem) VALUES ('722f1b25-9a55-5d3a-8a80-b452f59ffd73','khardela:premiumpizzas:sjrp','169cd28f-38b2-51f8-ae7b-0f6231c2708b','Ouro Branco','Chocolate Branco, Ouro Branco, Chips Branco',44.95,'ATIVO','["chocolate branco", "ouro branco", "chips branco"]'::jsonb,'6005397.4907280',29) ON CONFLICT (id) DO NOTHING;
INSERT INTO opcoes (id,tenant_id,grupo_id,nome,descricao,preco,status,ingredientes,codigo_externo,ordem) VALUES ('b42eb2e7-4d44-5b68-a2f8-f338d4e26bb2','khardela:premiumpizzas:sjrp','169cd28f-38b2-51f8-ae7b-0f6231c2708b','Prestigio','Chocolate ao Leite, Coco Chips, Prestígio',44.95,'ATIVO','["chocolate ao leite", "coco", "prestigio"]'::jsonb,'6005397.4907281',30) ON CONFLICT (id) DO NOTHING;
INSERT INTO opcoes (id,tenant_id,grupo_id,nome,descricao,preco,status,ingredientes,codigo_externo,ordem) VALUES ('3cdde3e5-74cf-5d14-9de8-b7186c58ec15','khardela:premiumpizzas:sjrp','169cd28f-38b2-51f8-ae7b-0f6231c2708b','Sensação','Chocolate ao Leite, Morangos, Chips ao Leite',44.95,'ATIVO','["chocolate ao leite", "morango", "chips ao leite"]'::jsonb,'6005397.4907282',31) ON CONFLICT (id) DO NOTHING;
INSERT INTO opcoes (id,tenant_id,grupo_id,nome,descricao,preco,status,ingredientes,codigo_externo,ordem) VALUES ('c292f317-dc68-52fb-8318-11c2d0e63303','khardela:premiumpizzas:sjrp','169cd28f-38b2-51f8-ae7b-0f6231c2708b','Sonho de Valsa','Chocolate ao Leite, Sonho de Valsa, Chips ao Leite',44.95,'ATIVO','["chocolate ao leite", "sonho de valsa", "chips ao leite"]'::jsonb,'6005397.4907283',32) ON CONFLICT (id) DO NOTHING;
INSERT INTO opcoes (id,tenant_id,grupo_id,nome,descricao,preco,status,ingredientes,codigo_externo,ordem) VALUES ('9b4f9818-e4c1-5323-95e6-688588ada964','khardela:premiumpizzas:sjrp','169cd28f-38b2-51f8-ae7b-0f6231c2708b','Rafaello','Chocolate Branco, Coco Chips, Morangos, Raffaello',64.95,'ATIVO','["chocolate branco", "coco", "morango", "raffaello"]'::jsonb,'6005397.12881558',33) ON CONFLICT (id) DO NOTHING;
INSERT INTO opcoes (id,tenant_id,grupo_id,nome,descricao,preco,status,ingredientes,codigo_externo,ordem) VALUES ('85fd57f6-213c-5585-ac8a-fb314e3b8e91','khardela:premiumpizzas:sjrp','169cd28f-38b2-51f8-ae7b-0f6231c2708b','Nutella com Morango','Nutella, Morangos, Morango em Cubos',59.95,'ATIVO','["nutella", "morango"]'::jsonb,'6005397.4907278',34) ON CONFLICT (id) DO NOTHING;
INSERT INTO opcoes (id,tenant_id,grupo_id,nome,descricao,preco,status,ingredientes,codigo_externo,ordem) VALUES ('08b918cc-4508-5a27-9188-5eeda5de3289','khardela:premiumpizzas:sjrp','169cd28f-38b2-51f8-ae7b-0f6231c2708b','Ninho com Nutella','Brigadeiro de Ninho, Nutella, Leite Ninho polvilhado, Uva, Morangos',59.95,'ATIVO','["brigadeiro de ninho", "nutella", "leite ninho", "uva", "morango"]'::jsonb,'6005397.12881560',35) ON CONFLICT (id) DO NOTHING;
INSERT INTO opcao_grupos (id,tenant_id,produto_id,nome,ordem,min_escolhas,max_escolhas,permite_repeticao,regra_preco,condicao) VALUES ('205594ce-4a38-5860-ab8b-d2a035a476f0','khardela:premiumpizzas:sjrp','653d8df4-7d64-5c84-8e7d-c9ca0a9d09d6','Recheio da borda',3,1,2,TRUE,'SOMA','{"mostrar_se": {"grupo": "Estilo de borda", "diferente_de": "Sem borda recheada"}}'::jsonb) ON CONFLICT (id) DO NOTHING;
INSERT INTO opcoes (id,tenant_id,grupo_id,nome,descricao,preco,status,ingredientes,codigo_externo,ordem) VALUES ('4a7d2f72-19ef-518f-9664-90e45fc9e46a','khardela:premiumpizzas:sjrp','205594ce-4a38-5860-ab8b-d2a035a476f0','Mussarela',NULL,0.0,'ATIVO','["Mussarela"]'::jsonb,NULL,1) ON CONFLICT (id) DO NOTHING;
INSERT INTO opcoes (id,tenant_id,grupo_id,nome,descricao,preco,status,ingredientes,codigo_externo,ordem) VALUES ('c583d486-12e3-59f3-bec9-e00e9d1dcd60','khardela:premiumpizzas:sjrp','205594ce-4a38-5860-ab8b-d2a035a476f0','Presunto e Mussarela',NULL,0.0,'ATIVO','["Presunto", "Mussarela"]'::jsonb,NULL,2) ON CONFLICT (id) DO NOTHING;
INSERT INTO opcoes (id,tenant_id,grupo_id,nome,descricao,preco,status,ingredientes,codigo_externo,ordem) VALUES ('9474e8b9-3890-5617-bf7b-8fbcd79a0001','khardela:premiumpizzas:sjrp','205594ce-4a38-5860-ab8b-d2a035a476f0','Catupiry',NULL,0.0,'ATIVO','["Catupiry"]'::jsonb,NULL,3) ON CONFLICT (id) DO NOTHING;
INSERT INTO opcoes (id,tenant_id,grupo_id,nome,descricao,preco,status,ingredientes,codigo_externo,ordem) VALUES ('cdeb7be3-d6ef-5da5-b5c4-444c5cb2b7fa','khardela:premiumpizzas:sjrp','205594ce-4a38-5860-ab8b-d2a035a476f0','Cheddar',NULL,0.0,'ATIVO','["Cheddar"]'::jsonb,NULL,4) ON CONFLICT (id) DO NOTHING;
INSERT INTO opcoes (id,tenant_id,grupo_id,nome,descricao,preco,status,ingredientes,codigo_externo,ordem) VALUES ('197ff35b-6e4b-5839-a476-6c05c3277c56','khardela:premiumpizzas:sjrp','205594ce-4a38-5860-ab8b-d2a035a476f0','Bacon',NULL,0.0,'ATIVO','["Bacon"]'::jsonb,NULL,5) ON CONFLICT (id) DO NOTHING;
INSERT INTO opcoes (id,tenant_id,grupo_id,nome,descricao,preco,status,ingredientes,codigo_externo,ordem) VALUES ('b636f779-ec2d-5332-ade9-13f399b43f7c','khardela:premiumpizzas:sjrp','205594ce-4a38-5860-ab8b-d2a035a476f0','Parmesão',NULL,0.0,'ATIVO','["Parmesão"]'::jsonb,NULL,6) ON CONFLICT (id) DO NOTHING;
INSERT INTO opcoes (id,tenant_id,grupo_id,nome,descricao,preco,status,ingredientes,codigo_externo,ordem) VALUES ('8a8244d2-fb8c-50b3-8024-4d6ceae0e57b','khardela:premiumpizzas:sjrp','205594ce-4a38-5860-ab8b-d2a035a476f0','Chocolate ao Leite',NULL,0.0,'ATIVO','["Chocolate ao Leite"]'::jsonb,NULL,7) ON CONFLICT (id) DO NOTHING;
INSERT INTO opcoes (id,tenant_id,grupo_id,nome,descricao,preco,status,ingredientes,codigo_externo,ordem) VALUES ('a3879ae9-49dc-5967-9817-0e5c90410570','khardela:premiumpizzas:sjrp','205594ce-4a38-5860-ab8b-d2a035a476f0','Chocolate Branco',NULL,0.0,'ATIVO','["Chocolate Branco"]'::jsonb,NULL,8) ON CONFLICT (id) DO NOTHING;
INSERT INTO opcoes (id,tenant_id,grupo_id,nome,descricao,preco,status,ingredientes,codigo_externo,ordem) VALUES ('2f8d0aa0-8eb9-5f97-82a5-606b66973bf4','khardela:premiumpizzas:sjrp','205594ce-4a38-5860-ab8b-d2a035a476f0','Ninho com Morango',NULL,0.0,'ATIVO','["Brigadeiro de Ninho", "Morango"]'::jsonb,NULL,9) ON CONFLICT (id) DO NOTHING;
INSERT INTO opcoes (id,tenant_id,grupo_id,nome,descricao,preco,status,ingredientes,codigo_externo,ordem) VALUES ('9fda6fc0-0343-512c-bf4e-b44ad7f34524','khardela:premiumpizzas:sjrp','205594ce-4a38-5860-ab8b-d2a035a476f0','Ninho com Uva',NULL,0.0,'ATIVO','["Brigadeiro de Ninho", "Uva"]'::jsonb,NULL,10) ON CONFLICT (id) DO NOTHING;
INSERT INTO opcao_grupos (id,tenant_id,produto_id,nome,ordem,min_escolhas,max_escolhas,permite_repeticao,regra_preco,condicao) VALUES ('fdb57459-0490-5862-a34a-b04ec28468e4','khardela:premiumpizzas:sjrp','653d8df4-7d64-5c84-8e7d-c9ca0a9d09d6','Adicionais',4,0,10,TRUE,'SOMA','{}'::jsonb) ON CONFLICT (id) DO NOTHING;
INSERT INTO opcoes (id,tenant_id,grupo_id,nome,descricao,preco,status,ingredientes,codigo_externo,ordem) VALUES ('a1e61c4a-cff3-5c7b-a81d-29a3cb345cd9','khardela:premiumpizzas:sjrp','fdb57459-0490-5862-a34a-b04ec28468e4','Bacon',NULL,9.9,'ATIVO','[]'::jsonb,'6005397.4907328',1) ON CONFLICT (id) DO NOTHING;
INSERT INTO opcoes (id,tenant_id,grupo_id,nome,descricao,preco,status,ingredientes,codigo_externo,ordem) VALUES ('7610ffdb-eff7-5835-bacc-d093b8c0f668','khardela:premiumpizzas:sjrp','fdb57459-0490-5862-a34a-b04ec28468e4','Batata Palha',NULL,9.9,'ATIVO','[]'::jsonb,'6005397.12881565',2) ON CONFLICT (id) DO NOTHING;
INSERT INTO opcoes (id,tenant_id,grupo_id,nome,descricao,preco,status,ingredientes,codigo_externo,ordem) VALUES ('2a89508b-8436-5780-9d74-a978c0b5d1dc','khardela:premiumpizzas:sjrp','fdb57459-0490-5862-a34a-b04ec28468e4','Catupiry',NULL,9.9,'ATIVO','[]'::jsonb,'6005397.4907329',3) ON CONFLICT (id) DO NOTHING;
INSERT INTO opcoes (id,tenant_id,grupo_id,nome,descricao,preco,status,ingredientes,codigo_externo,ordem) VALUES ('191601b0-0e8f-52c7-9426-bc31a76fcdef','khardela:premiumpizzas:sjrp','fdb57459-0490-5862-a34a-b04ec28468e4','Cebola Roxa',NULL,9.9,'ATIVO','[]'::jsonb,'6005397.12881566',4) ON CONFLICT (id) DO NOTHING;
INSERT INTO opcoes (id,tenant_id,grupo_id,nome,descricao,preco,status,ingredientes,codigo_externo,ordem) VALUES ('529d38a9-7349-5f54-855c-262cd10ca552','khardela:premiumpizzas:sjrp','fdb57459-0490-5862-a34a-b04ec28468e4','Cheddar',NULL,9.9,'ATIVO','[]'::jsonb,'6005397.4907330',5) ON CONFLICT (id) DO NOTHING;
INSERT INTO opcoes (id,tenant_id,grupo_id,nome,descricao,preco,status,ingredientes,codigo_externo,ordem) VALUES ('fc4ccc10-a0c1-55be-bcd9-e99831b36aab','khardela:premiumpizzas:sjrp','fdb57459-0490-5862-a34a-b04ec28468e4','Milho',NULL,9.9,'ATIVO','[]'::jsonb,'6005397.4907333',6) ON CONFLICT (id) DO NOTHING;
INSERT INTO opcoes (id,tenant_id,grupo_id,nome,descricao,preco,status,ingredientes,codigo_externo,ordem) VALUES ('4bcd9088-f804-5404-adb0-4139dba3f16a','khardela:premiumpizzas:sjrp','fdb57459-0490-5862-a34a-b04ec28468e4','Palmito',NULL,9.9,'ATIVO','[]'::jsonb,'6005397.4907332',7) ON CONFLICT (id) DO NOTHING;
INSERT INTO opcoes (id,tenant_id,grupo_id,nome,descricao,preco,status,ingredientes,codigo_externo,ordem) VALUES ('06939cf3-6f8d-5d3e-8a2c-be0434affcc9','khardela:premiumpizzas:sjrp','fdb57459-0490-5862-a34a-b04ec28468e4','Parmesão',NULL,9.9,'ATIVO','[]'::jsonb,'6005397.4907331',8) ON CONFLICT (id) DO NOTHING;
INSERT INTO opcoes (id,tenant_id,grupo_id,nome,descricao,preco,status,ingredientes,codigo_externo,ordem) VALUES ('a351beaf-8e3b-5ff2-9655-c9630294546a','khardela:premiumpizzas:sjrp','fdb57459-0490-5862-a34a-b04ec28468e4','Tomate',NULL,9.9,'ATIVO','[]'::jsonb,'6005397.12881567',9) ON CONFLICT (id) DO NOTHING;
INSERT INTO opcao_grupos (id,tenant_id,produto_id,nome,ordem,min_escolhas,max_escolhas,permite_repeticao,regra_preco,condicao) VALUES ('a1609bdf-1206-5ede-bdbb-8c75dbeb032c','khardela:premiumpizzas:sjrp','653d8df4-7d64-5c84-8e7d-c9ca0a9d09d6','Extras',5,0,5,TRUE,'SOMA','{}'::jsonb) ON CONFLICT (id) DO NOTHING;
INSERT INTO opcoes (id,tenant_id,grupo_id,nome,descricao,preco,status,ingredientes,codigo_externo,ordem) VALUES ('128974d9-a977-51e6-aa05-65454323ab16','khardela:premiumpizzas:sjrp','a1609bdf-1206-5ede-bdbb-8c75dbeb032c','Heinz Ketchup + Maionese 12un',NULL,3.99,'ATIVO','[]'::jsonb,'6005397.4907053',1) ON CONFLICT (id) DO NOTHING;
INSERT INTO produtos (id,tenant_id,categoria_id,nome,descricao,tipo_montagem,preco_base,regra_preco,gratuito,status,ordem) VALUES ('69aa036a-10a2-5462-b4c8-d98c352ded15','khardela:premiumpizzas:sjrp',(SELECT id FROM menu_categorias WHERE tenant_id='khardela:premiumpizzas:sjrp' AND codigo='bebidas'),'Sprite Zero 310ml','Refrigerante Sprite Zero Açúcar 310ml','SIMPLES',6.9,'FIXO',FALSE,'ATIVO',1) ON CONFLICT (id) DO NOTHING;
UPDATE produtos SET codigo_externo='13071873' WHERE id='69aa036a-10a2-5462-b4c8-d98c352ded15';
INSERT INTO produtos (id,tenant_id,categoria_id,nome,descricao,tipo_montagem,preco_base,regra_preco,gratuito,status,ordem) VALUES ('4f400def-dee0-530f-b4a0-096824e6e5dc','khardela:premiumpizzas:sjrp',(SELECT id FROM menu_categorias WHERE tenant_id='khardela:premiumpizzas:sjrp' AND codigo='bebidas'),'Guaraná Antártica Zero 350ml','Refrigerante Guaraná Antártica Zero 350ml','SIMPLES',6.9,'FIXO',FALSE,'ATIVO',2) ON CONFLICT (id) DO NOTHING;
UPDATE produtos SET codigo_externo='36260474' WHERE id='4f400def-dee0-530f-b4a0-096824e6e5dc';
INSERT INTO produtos (id,tenant_id,categoria_id,nome,descricao,tipo_montagem,preco_base,regra_preco,gratuito,status,ordem) VALUES ('f8d97496-d2a0-57f5-899c-0ab00ed19e14','khardela:premiumpizzas:sjrp',(SELECT id FROM menu_categorias WHERE tenant_id='khardela:premiumpizzas:sjrp' AND codigo='bebidas'),'Suco Morango Copo','Suco de Copo - Morango','SIMPLES',8.9,'FIXO',FALSE,'ATIVO',3) ON CONFLICT (id) DO NOTHING;
UPDATE produtos SET codigo_externo='36269254' WHERE id='f8d97496-d2a0-57f5-899c-0ab00ed19e14';
INSERT INTO produtos (id,tenant_id,categoria_id,nome,descricao,tipo_montagem,preco_base,regra_preco,gratuito,status,ordem) VALUES ('4c1adb50-1e14-5c66-9f09-35cc7f91537e','khardela:premiumpizzas:sjrp',(SELECT id FROM menu_categorias WHERE tenant_id='khardela:premiumpizzas:sjrp' AND codigo='bebidas'),'Suco Laranja Copo','Suco de Copo - Laranja','SIMPLES',8.9,'FIXO',FALSE,'ATIVO',4) ON CONFLICT (id) DO NOTHING;
UPDATE produtos SET codigo_externo='36269257' WHERE id='4c1adb50-1e14-5c66-9f09-35cc7f91537e';
INSERT INTO produtos (id,tenant_id,categoria_id,nome,descricao,tipo_montagem,preco_base,regra_preco,gratuito,status,ordem) VALUES ('d41863e0-e00b-510e-993c-b6fb8ba0a903','khardela:premiumpizzas:sjrp',(SELECT id FROM menu_categorias WHERE tenant_id='khardela:premiumpizzas:sjrp' AND codigo='bebidas'),'Original 300ml','Cerveja Original 300ml','SIMPLES',8.9,'FIXO',FALSE,'ATIVO',5) ON CONFLICT (id) DO NOTHING;
UPDATE produtos SET codigo_externo='36547101' WHERE id='d41863e0-e00b-510e-993c-b6fb8ba0a903';
INSERT INTO produtos (id,tenant_id,categoria_id,nome,descricao,tipo_montagem,preco_base,regra_preco,gratuito,status,ordem) VALUES ('e9326103-34b1-5494-a2be-84ff6413ba21','khardela:premiumpizzas:sjrp',(SELECT id FROM menu_categorias WHERE tenant_id='khardela:premiumpizzas:sjrp' AND codigo='bebidas'),'Heineken 330ml','Cerveja Heineken 330ml','SIMPLES',9.9,'FIXO',FALSE,'ATIVO',6) ON CONFLICT (id) DO NOTHING;
UPDATE produtos SET codigo_externo='36547104' WHERE id='e9326103-34b1-5494-a2be-84ff6413ba21';
INSERT INTO produtos (id,tenant_id,categoria_id,nome,descricao,tipo_montagem,preco_base,regra_preco,gratuito,status,ordem) VALUES ('bb270978-5acb-53e4-aedb-bc54439f81d6','khardela:premiumpizzas:sjrp',(SELECT id FROM menu_categorias WHERE tenant_id='khardela:premiumpizzas:sjrp' AND codigo='bebidas'),'Coca Cola 1L','Refrigerante Coca-Cola 1L','SIMPLES',12.9,'FIXO',FALSE,'ATIVO',7) ON CONFLICT (id) DO NOTHING;
UPDATE produtos SET codigo_externo='36547819' WHERE id='bb270978-5acb-53e4-aedb-bc54439f81d6';
INSERT INTO produtos (id,tenant_id,categoria_id,nome,descricao,tipo_montagem,preco_base,regra_preco,gratuito,status,ordem) VALUES ('fe7000f4-7d17-5a6e-9d51-3cf49e43ba1d','khardela:premiumpizzas:sjrp',(SELECT id FROM menu_categorias WHERE tenant_id='khardela:premiumpizzas:sjrp' AND codigo='bebidas'),'Coca Cola Zero 1L','Refrigerante Coca-Cola Zero Açúcar 1L','SIMPLES',12.9,'FIXO',FALSE,'ATIVO',8) ON CONFLICT (id) DO NOTHING;
UPDATE produtos SET codigo_externo='36547830' WHERE id='fe7000f4-7d17-5a6e-9d51-3cf49e43ba1d';
INSERT INTO produtos (id,tenant_id,categoria_id,nome,descricao,tipo_montagem,preco_base,regra_preco,gratuito,status,ordem) VALUES ('a7a51b3a-0991-573d-8f73-c056675b8f20','khardela:premiumpizzas:sjrp',(SELECT id FROM menu_categorias WHERE tenant_id='khardela:premiumpizzas:sjrp' AND codigo='bebidas'),'Coca-Cola Lata Zero 310ml','Refrigerante Coca-Cola Lata Zero Açúcar 310ml','SIMPLES',6.9,'FIXO',FALSE,'ATIVO',9) ON CONFLICT (id) DO NOTHING;
UPDATE produtos SET codigo_externo='6005278' WHERE id='a7a51b3a-0991-573d-8f73-c056675b8f20';
INSERT INTO produtos (id,tenant_id,categoria_id,nome,descricao,tipo_montagem,preco_base,regra_preco,gratuito,status,ordem) VALUES ('e1290fd8-5bbc-5eb1-b03f-2fd1b0a4ca54','khardela:premiumpizzas:sjrp',(SELECT id FROM menu_categorias WHERE tenant_id='khardela:premiumpizzas:sjrp' AND codigo='bebidas'),'Coca-Cola Lata 310ml','Refrigerante Coca-Cola Lata 310ml','SIMPLES',6.9,'FIXO',FALSE,'ATIVO',10) ON CONFLICT (id) DO NOTHING;
UPDATE produtos SET codigo_externo='6005280' WHERE id='e1290fd8-5bbc-5eb1-b03f-2fd1b0a4ca54';
INSERT INTO produtos (id,tenant_id,categoria_id,nome,descricao,tipo_montagem,preco_base,regra_preco,gratuito,status,ordem) VALUES ('b19b1e73-26e7-5200-875f-452ba4818ec1','khardela:premiumpizzas:sjrp',(SELECT id FROM menu_categorias WHERE tenant_id='khardela:premiumpizzas:sjrp' AND codigo='bebidas'),'Coca Cola 2L','Refrigerante Coca-Cola 2L','SIMPLES',17.9,'FIXO',FALSE,'ATIVO',11) ON CONFLICT (id) DO NOTHING;
UPDATE produtos SET codigo_externo='6005282' WHERE id='b19b1e73-26e7-5200-875f-452ba4818ec1';
INSERT INTO produtos (id,tenant_id,categoria_id,nome,descricao,tipo_montagem,preco_base,regra_preco,gratuito,status,ordem) VALUES ('f8cc526a-3003-55a5-aa93-ac05168300fa','khardela:premiumpizzas:sjrp',(SELECT id FROM menu_categorias WHERE tenant_id='khardela:premiumpizzas:sjrp' AND codigo='bebidas'),'Coca Cola 2L Zero','Refrigerante Coca-Cola Zero 2L','SIMPLES',17.9,'FIXO',FALSE,'ATIVO',12) ON CONFLICT (id) DO NOTHING;
UPDATE produtos SET codigo_externo='6005284' WHERE id='f8cc526a-3003-55a5-aa93-ac05168300fa';
INSERT INTO produtos (id,tenant_id,categoria_id,nome,descricao,tipo_montagem,preco_base,regra_preco,gratuito,status,ordem) VALUES ('038fe848-895d-5a0f-88d0-5c037f1a3656','khardela:premiumpizzas:sjrp',(SELECT id FROM menu_categorias WHERE tenant_id='khardela:premiumpizzas:sjrp' AND codigo='bebidas'),'Coca Cola 1.5L','Refrigerante Coca-Cola 1,5L','SIMPLES',14.9,'FIXO',FALSE,'ATIVO',13) ON CONFLICT (id) DO NOTHING;
UPDATE produtos SET codigo_externo='6005286' WHERE id='038fe848-895d-5a0f-88d0-5c037f1a3656';
INSERT INTO produtos (id,tenant_id,categoria_id,nome,descricao,tipo_montagem,preco_base,regra_preco,gratuito,status,ordem) VALUES ('d942892a-f9f8-55f1-91d8-fc018a506523','khardela:premiumpizzas:sjrp',(SELECT id FROM menu_categorias WHERE tenant_id='khardela:premiumpizzas:sjrp' AND codigo='bebidas'),'Coca Cola 1.5L Zero','Refrigerante Coca-Cola Zero 1,5L','SIMPLES',14.9,'FIXO',FALSE,'ATIVO',14) ON CONFLICT (id) DO NOTHING;
UPDATE produtos SET codigo_externo='6005287' WHERE id='d942892a-f9f8-55f1-91d8-fc018a506523';
INSERT INTO produtos (id,tenant_id,categoria_id,nome,descricao,tipo_montagem,preco_base,regra_preco,gratuito,status,ordem) VALUES ('5a7ce41c-d237-5dec-936e-5593e205d0d2','khardela:premiumpizzas:sjrp',(SELECT id FROM menu_categorias WHERE tenant_id='khardela:premiumpizzas:sjrp' AND codigo='bebidas'),'Suco Del Valle Uva 1L','Suco Del Valle Uva Sem Açúcar 1L','SIMPLES',14.0,'FIXO',FALSE,'ATIVO',15) ON CONFLICT (id) DO NOTHING;
UPDATE produtos SET codigo_externo='6005294' WHERE id='5a7ce41c-d237-5dec-936e-5593e205d0d2';
INSERT INTO produtos (id,tenant_id,categoria_id,nome,descricao,tipo_montagem,preco_base,regra_preco,gratuito,status,ordem) VALUES ('f35ce52a-4ca0-5180-9a2a-4f4cc9b8c7f2','khardela:premiumpizzas:sjrp',(SELECT id FROM menu_categorias WHERE tenant_id='khardela:premiumpizzas:sjrp' AND codigo='bebidas'),'Água sem Gás 500ml','Água Mineral sem Gás 500ml','SIMPLES',5.0,'FIXO',FALSE,'ATIVO',16) ON CONFLICT (id) DO NOTHING;
UPDATE produtos SET codigo_externo='6129266' WHERE id='f35ce52a-4ca0-5180-9a2a-4f4cc9b8c7f2';
INSERT INTO produtos (id,tenant_id,categoria_id,nome,descricao,tipo_montagem,preco_base,regra_preco,gratuito,status,ordem) VALUES ('d454b710-973e-5018-a866-4d4014fd85aa','khardela:premiumpizzas:sjrp',(SELECT id FROM menu_categorias WHERE tenant_id='khardela:premiumpizzas:sjrp' AND codigo='bebidas'),'Água com Gás 500ml','Água Mineral com Gás 500ml','SIMPLES',5.0,'FIXO',FALSE,'ATIVO',17) ON CONFLICT (id) DO NOTHING;
UPDATE produtos SET codigo_externo='6129268' WHERE id='d454b710-973e-5018-a866-4d4014fd85aa';
INSERT INTO produtos (id,tenant_id,categoria_id,nome,descricao,tipo_montagem,preco_base,regra_preco,gratuito,status,ordem) VALUES ('06d998f0-25e6-5633-9344-5bd5465c3479','khardela:premiumpizzas:sjrp',(SELECT id FROM menu_categorias WHERE tenant_id='khardela:premiumpizzas:sjrp' AND codigo='copos'),'Copo simples','Cortesia para consumo na loja','SIMPLES',0,'FIXO',TRUE,'ATIVO',1) ON CONFLICT (id) DO NOTHING;
INSERT INTO produtos (id,tenant_id,categoria_id,nome,descricao,tipo_montagem,preco_base,regra_preco,gratuito,status,ordem) VALUES ('9518a243-2d87-53d4-80c0-1040fdf9aa78','khardela:premiumpizzas:sjrp',(SELECT id FROM menu_categorias WHERE tenant_id='khardela:premiumpizzas:sjrp' AND codigo='copos'),'Copo com gelo','Cortesia para consumo na loja','SIMPLES',0,'FIXO',TRUE,'ATIVO',2) ON CONFLICT (id) DO NOTHING;
INSERT INTO produtos (id,tenant_id,categoria_id,nome,descricao,tipo_montagem,preco_base,regra_preco,gratuito,status,ordem) VALUES ('8e90e434-8187-5226-9b32-4fef16848d57','khardela:premiumpizzas:sjrp',(SELECT id FROM menu_categorias WHERE tenant_id='khardela:premiumpizzas:sjrp' AND codigo='copos'),'Copo com limão e gelo','Cortesia para consumo na loja','SIMPLES',0,'FIXO',TRUE,'ATIVO',3) ON CONFLICT (id) DO NOTHING;
