-- SEED FASE 2: Pizza Pequena + Preparos + Insumos/Custos. Idempotente.
SET search_path TO khardela, public;
INSERT INTO menu_categorias (tenant_id, codigo, nome, ordem, ativa) VALUES ('khardela:premiumpizzas:sjrp','pizza_pequena','Pizza Pequena',20,TRUE) ON CONFLICT (tenant_id, codigo) DO NOTHING;
INSERT INTO produtos (id,tenant_id,categoria_id,nome,descricao,tipo_montagem,preco_base,regra_preco,gratuito,status,ordem) VALUES ('b61abfbf-fc6c-50f1-a456-701c0b8b36ae','khardela:premiumpizzas:sjrp',(SELECT id FROM menu_categorias WHERE tenant_id='khardela:premiumpizzas:sjrp' AND codigo='pizza_pequena'),'Pizza Pequena','Pizza pequena (4 pedaços). 1 sabor.','MONTAVEL',0,'SOMA',FALSE,'ATIVO',2) ON CONFLICT (id) DO NOTHING;
INSERT INTO opcao_grupos (id,tenant_id,produto_id,nome,ordem,min_escolhas,max_escolhas,permite_repeticao,regra_preco,condicao) VALUES ('13c420de-8641-5615-86ae-ca11e0b501a4','khardela:premiumpizzas:sjrp','b61abfbf-fc6c-50f1-a456-701c0b8b36ae','Estilo de borda',1,1,1,FALSE,'SOMA','{}'::jsonb) ON CONFLICT (id) DO NOTHING;
INSERT INTO opcoes (id,tenant_id,grupo_id,nome,descricao,preco,status,ingredientes,codigo_externo,ordem) VALUES ('20dbb7ca-8ce3-5b63-a419-31ff923cd9e6','khardela:premiumpizzas:sjrp','13c420de-8641-5615-86ae-ca11e0b501a4','Sem borda recheada',NULL,0.0,'ATIVO','[]'::jsonb,NULL,1) ON CONFLICT (id) DO NOTHING;
INSERT INTO opcoes (id,tenant_id,grupo_id,nome,descricao,preco,status,ingredientes,codigo_externo,ordem) VALUES ('e771024e-53bb-52cf-ae8d-28a5a5fcb926','khardela:premiumpizzas:sjrp','13c420de-8641-5615-86ae-ca11e0b501a4','Borda Vulcão',NULL,12.45,'ATIVO','[]'::jsonb,NULL,2) ON CONFLICT (id) DO NOTHING;
INSERT INTO opcoes (id,tenant_id,grupo_id,nome,descricao,preco,status,ingredientes,codigo_externo,ordem) VALUES ('4df435e4-0c21-580c-a6b0-c3a23615cc96','khardela:premiumpizzas:sjrp','13c420de-8641-5615-86ae-ca11e0b501a4','Borda Tradicional Recheada',NULL,12.45,'ATIVO','[]'::jsonb,NULL,3) ON CONFLICT (id) DO NOTHING;
INSERT INTO opcoes (id,tenant_id,grupo_id,nome,descricao,preco,status,ingredientes,codigo_externo,ordem) VALUES ('65ec207d-e9c5-5bd1-914f-fae8e845f930','khardela:premiumpizzas:sjrp','13c420de-8641-5615-86ae-ca11e0b501a4','Borda Pãozinho',NULL,14.95,'ATIVO','[]'::jsonb,NULL,4) ON CONFLICT (id) DO NOTHING;
INSERT INTO opcao_grupos (id,tenant_id,produto_id,nome,ordem,min_escolhas,max_escolhas,permite_repeticao,regra_preco,condicao) VALUES ('4e20c0dd-9114-526b-8d30-c91f9fcb0d52','khardela:premiumpizzas:sjrp','b61abfbf-fc6c-50f1-a456-701c0b8b36ae','Sabor (escolha 1)',2,1,1,FALSE,'SOMA','{}'::jsonb) ON CONFLICT (id) DO NOTHING;
INSERT INTO opcoes (id,tenant_id,grupo_id,nome,descricao,preco,status,ingredientes,codigo_externo,ordem) VALUES ('28ea42c4-66c6-5ee4-a83b-271c3dc141cf','khardela:premiumpizzas:sjrp','4e20c0dd-9114-526b-8d30-c91f9fcb0d52','Bacon com Batata Palha','Molho Premium, Mussarela, Bacon, Batata Palha, Milho, Tomate, Orégano',44.9,'ATIVO','["molho premium", "mussarela", "bacon", "batata palha", "milho", "tomate", "oregano"]'::jsonb,'6005397.4907253',1) ON CONFLICT (id) DO NOTHING;
INSERT INTO opcoes (id,tenant_id,grupo_id,nome,descricao,preco,status,ingredientes,codigo_externo,ordem) VALUES ('bab6d94b-eb6d-5b72-b5eb-401dc5c1c25c','khardela:premiumpizzas:sjrp','4e20c0dd-9114-526b-8d30-c91f9fcb0d52','Branco Supremo','Chocolate Branco, Morangos, Chips Branco',44.9,'ATIVO','["chocolate branco", "morango", "chips branco"]'::jsonb,'6005397.12881557',2) ON CONFLICT (id) DO NOTHING;
INSERT INTO opcoes (id,tenant_id,grupo_id,nome,descricao,preco,status,ingredientes,codigo_externo,ordem) VALUES ('83ac0053-771d-59c6-b813-c01b34c6b7b7','khardela:premiumpizzas:sjrp','4e20c0dd-9114-526b-8d30-c91f9fcb0d52','Calabacon','Molho Premium, Calabresa, Bacon, Mussarela, Cebola Roxa, Orégano',44.9,'ATIVO','["molho premium", "calabresa", "bacon", "mussarela", "cebola roxa", "oregano"]'::jsonb,'6005397.4907256',3) ON CONFLICT (id) DO NOTHING;
INSERT INTO opcoes (id,tenant_id,grupo_id,nome,descricao,preco,status,ingredientes,codigo_externo,ordem) VALUES ('ba5375b9-542b-5f4e-9901-b36fc4861a35','khardela:premiumpizzas:sjrp','4e20c0dd-9114-526b-8d30-c91f9fcb0d52','Calabresa','Molho Premium, Mussarela, Calabresa, Cebola Roxa, Orégano',44.9,'ATIVO','["molho premium", "mussarela", "calabresa", "cebola roxa", "oregano"]'::jsonb,'6005397.4907255',4) ON CONFLICT (id) DO NOTHING;
INSERT INTO opcoes (id,tenant_id,grupo_id,nome,descricao,preco,status,ingredientes,codigo_externo,ordem) VALUES ('d70866c1-901f-5f38-b7c9-4d38482d263f','khardela:premiumpizzas:sjrp','4e20c0dd-9114-526b-8d30-c91f9fcb0d52','Diamante Negro','Chocolate ao Leite, Diamante Negro, Chips ao Leite',44.9,'ATIVO','["chocolate ao leite", "diamante negro", "chips ao leite"]'::jsonb,'6005397.4907279',5) ON CONFLICT (id) DO NOTHING;
INSERT INTO opcoes (id,tenant_id,grupo_id,nome,descricao,preco,status,ingredientes,codigo_externo,ordem) VALUES ('2794ed17-1ad6-5d9c-9d34-18e28ddbc4b7','khardela:premiumpizzas:sjrp','4e20c0dd-9114-526b-8d30-c91f9fcb0d52','Frango com Bacon','Molho Premium, Frango, Mussarela, Bacon, Milho, Azeitona, Orégano',44.9,'ATIVO','["molho premium", "frango", "mussarela", "bacon", "milho", "azeitona", "oregano"]'::jsonb,'6005397.4907257',6) ON CONFLICT (id) DO NOTHING;
INSERT INTO opcoes (id,tenant_id,grupo_id,nome,descricao,preco,status,ingredientes,codigo_externo,ordem) VALUES ('0adfe9c4-b087-5fb1-b445-d7e8f00b04bc','khardela:premiumpizzas:sjrp','4e20c0dd-9114-526b-8d30-c91f9fcb0d52','Frango com Catupiry','Molho Premium, Frango, Mussarela, Catupiry, Milho, Azeitona, Orégano',44.9,'ATIVO','["molho premium", "frango", "mussarela", "catupiry", "milho", "azeitona", "oregano"]'::jsonb,'6005397.4907258',7) ON CONFLICT (id) DO NOTHING;
INSERT INTO opcoes (id,tenant_id,grupo_id,nome,descricao,preco,status,ingredientes,codigo_externo,ordem) VALUES ('83d1245c-dbde-5cd3-85a0-a2a70a24941e','khardela:premiumpizzas:sjrp','4e20c0dd-9114-526b-8d30-c91f9fcb0d52','Margherita','Molho Premium, Mussarela, Tomate, Manjericão, Orégano',44.9,'ATIVO','["molho premium", "mussarela", "tomate", "manjericao", "oregano"]'::jsonb,'6005397.4907259',8) ON CONFLICT (id) DO NOTHING;
INSERT INTO opcoes (id,tenant_id,grupo_id,nome,descricao,preco,status,ingredientes,codigo_externo,ordem) VALUES ('3261bcb4-9722-56f1-b961-632352839485','khardela:premiumpizzas:sjrp','4e20c0dd-9114-526b-8d30-c91f9fcb0d52','Mussarela','Molho Premium, Mussarela, Tomate, Orégano',44.9,'ATIVO','["molho premium", "mussarela", "tomate", "oregano"]'::jsonb,'6005397.4907260',9) ON CONFLICT (id) DO NOTHING;
INSERT INTO opcoes (id,tenant_id,grupo_id,nome,descricao,preco,status,ingredientes,codigo_externo,ordem) VALUES ('05beff81-e805-50f7-94db-c687322548be','khardela:premiumpizzas:sjrp','4e20c0dd-9114-526b-8d30-c91f9fcb0d52','Mussarela com Bacon','Molho Premium, Mussarela, Tomate, Milho, Bacon, Orégano',44.9,'ATIVO','["molho premium", "mussarela", "tomate", "milho", "bacon", "oregano"]'::jsonb,'6005397.4907262',10) ON CONFLICT (id) DO NOTHING;
INSERT INTO opcoes (id,tenant_id,grupo_id,nome,descricao,preco,status,ingredientes,codigo_externo,ordem) VALUES ('ca8c8fd2-281d-529e-8b1b-918269e5d8f7','khardela:premiumpizzas:sjrp','4e20c0dd-9114-526b-8d30-c91f9fcb0d52','Ouro Branco','Chocolate Branco, Ouro Branco, Chips Branco',44.9,'ATIVO','["chocolate branco", "ouro branco", "chips branco"]'::jsonb,'6005397.4907280',11) ON CONFLICT (id) DO NOTHING;
INSERT INTO opcoes (id,tenant_id,grupo_id,nome,descricao,preco,status,ingredientes,codigo_externo,ordem) VALUES ('086210e3-0f9f-5ad6-86ff-4d8a4369d1bc','khardela:premiumpizzas:sjrp','4e20c0dd-9114-526b-8d30-c91f9fcb0d52','Palmito Cremoso','Molho Premium, Mussarela, Palmito, Milho, Catupiry, Orégano',44.9,'ATIVO','["molho premium", "mussarela", "palmito", "milho", "catupiry", "oregano"]'::jsonb,'6005397.4907263',12) ON CONFLICT (id) DO NOTHING;
INSERT INTO opcoes (id,tenant_id,grupo_id,nome,descricao,preco,status,ingredientes,codigo_externo,ordem) VALUES ('86d5edbe-0d92-51d7-8357-5fa493050e06','khardela:premiumpizzas:sjrp','4e20c0dd-9114-526b-8d30-c91f9fcb0d52','Portuguesa','Molho Premium, Mussarela, Calabresa, Presunto, Ovo, Cebola, Azeitona, Orégano',44.9,'ATIVO','["molho premium", "mussarela", "calabresa", "presunto", "ovo", "cebola", "azeitona", "oregano"]'::jsonb,'6005397.4907261',13) ON CONFLICT (id) DO NOTHING;
INSERT INTO opcoes (id,tenant_id,grupo_id,nome,descricao,preco,status,ingredientes,codigo_externo,ordem) VALUES ('62160b90-6b14-56eb-b5b7-e7935e9faa44','khardela:premiumpizzas:sjrp','4e20c0dd-9114-526b-8d30-c91f9fcb0d52','Prestigio','Chocolate ao Leite, Coco Chips, Prestígio',44.9,'ATIVO','["chocolate ao leite", "coco", "prestigio"]'::jsonb,'6005397.4907281',14) ON CONFLICT (id) DO NOTHING;
INSERT INTO opcoes (id,tenant_id,grupo_id,nome,descricao,preco,status,ingredientes,codigo_externo,ordem) VALUES ('c40085c3-ecbc-5dce-a8b9-75751bc43528','khardela:premiumpizzas:sjrp','4e20c0dd-9114-526b-8d30-c91f9fcb0d52','Quatro Queijos','Molho Premium, Mussarela, Provolone, Catupiry, Parmesão, Orégano',44.9,'ATIVO','["molho premium", "mussarela", "provolone", "catupiry", "parmesao", "oregano"]'::jsonb,'6005397.4907267',15) ON CONFLICT (id) DO NOTHING;
INSERT INTO opcoes (id,tenant_id,grupo_id,nome,descricao,preco,status,ingredientes,codigo_externo,ordem) VALUES ('756ce349-aeb6-5b81-89e1-29de22d7cc3b','khardela:premiumpizzas:sjrp','4e20c0dd-9114-526b-8d30-c91f9fcb0d52','Rúcula Premium','Molho Premium, Mussarela, Palmito, Milho, Tomate Cereja, Rúcula, Azeitona, Azeite, Orégano',44.9,'ATIVO','["molho premium", "mussarela", "palmito", "milho", "tomate cereja", "rucula", "azeitona", "azeite", "oregano"]'::jsonb,'6005397.4907266',16) ON CONFLICT (id) DO NOTHING;
INSERT INTO opcoes (id,tenant_id,grupo_id,nome,descricao,preco,status,ingredientes,codigo_externo,ordem) VALUES ('f5177faf-f509-538e-9d2b-7dd314a2840a','khardela:premiumpizzas:sjrp','4e20c0dd-9114-526b-8d30-c91f9fcb0d52','Sensação','Chocolate ao Leite, Morangos, Chips ao Leite',44.9,'ATIVO','["chocolate ao leite", "morango", "chips ao leite"]'::jsonb,'6005397.4907282',17) ON CONFLICT (id) DO NOTHING;
INSERT INTO opcoes (id,tenant_id,grupo_id,nome,descricao,preco,status,ingredientes,codigo_externo,ordem) VALUES ('86d1bdde-d6ac-54c4-a8dc-190466be959f','khardela:premiumpizzas:sjrp','4e20c0dd-9114-526b-8d30-c91f9fcb0d52','Sexta-Santa','Molho Premium, Mussarela, Palmito, Tomate, Milho, Catupiry, Orégano',44.9,'ATIVO','["molho premium", "mussarela", "palmito", "tomate", "milho", "catupiry", "oregano"]'::jsonb,'6005397.4907264',18) ON CONFLICT (id) DO NOTHING;
INSERT INTO opcoes (id,tenant_id,grupo_id,nome,descricao,preco,status,ingredientes,codigo_externo,ordem) VALUES ('a6031465-2ce2-5630-8f82-a97934cb52c0','khardela:premiumpizzas:sjrp','4e20c0dd-9114-526b-8d30-c91f9fcb0d52','Sonho de Valsa','Chocolate ao Leite, Sonho de Valsa, Chips ao Leite',44.9,'ATIVO','["chocolate ao leite", "sonho de valsa", "chips ao leite"]'::jsonb,'6005397.4907283',19) ON CONFLICT (id) DO NOTHING;
INSERT INTO opcoes (id,tenant_id,grupo_id,nome,descricao,preco,status,ingredientes,codigo_externo,ordem) VALUES ('a9f97216-5938-56ef-9e80-9de7f14d285c','khardela:premiumpizzas:sjrp','4e20c0dd-9114-526b-8d30-c91f9fcb0d52','5 Queijos','Molho Premium, Mussarela, Provolone, Catupiry, Cheddar, Parmesão, Orégano',55.9,'ATIVO','["molho premium", "mussarela", "provolone", "catupiry", "cheddar", "parmesao", "oregano"]'::jsonb,'6005397.4907268',20) ON CONFLICT (id) DO NOTHING;
INSERT INTO opcoes (id,tenant_id,grupo_id,nome,descricao,preco,status,ingredientes,codigo_externo,ordem) VALUES ('318d61d4-f78c-56e2-b394-525690a07b5a','khardela:premiumpizzas:sjrp','4e20c0dd-9114-526b-8d30-c91f9fcb0d52','Pepperoni','Molho Premium, Mussarela, Pepperoni, Tomate Cereja, Orégano',55.9,'ATIVO','["molho premium", "mussarela", "pepperoni", "tomate cereja", "oregano"]'::jsonb,'6005397.4907269',21) ON CONFLICT (id) DO NOTHING;
INSERT INTO opcoes (id,tenant_id,grupo_id,nome,descricao,preco,status,ingredientes,codigo_externo,ordem) VALUES ('28e01ca6-2ee7-539e-8b53-7522d38f1820','khardela:premiumpizzas:sjrp','4e20c0dd-9114-526b-8d30-c91f9fcb0d52','Do Cheff','Molho Premium, Mussarela, Palmito, Milho, Calabresa, Bacon, Orégano',59.9,'ATIVO','["molho premium", "mussarela", "palmito", "milho", "calabresa", "bacon", "oregano"]'::jsonb,'6005397.4907271',22) ON CONFLICT (id) DO NOTHING;
INSERT INTO opcoes (id,tenant_id,grupo_id,nome,descricao,preco,status,ingredientes,codigo_externo,ordem) VALUES ('7648c515-c73d-5860-94c8-fedb8a0a4224','khardela:premiumpizzas:sjrp','4e20c0dd-9114-526b-8d30-c91f9fcb0d52','Frango Cremoso','Molho Premium, Frango, Mussarela, Milho, Catupiry, Tomate, Bacon em Cubos, Orégano',59.9,'ATIVO','["molho premium", "frango", "mussarela", "milho", "catupiry", "tomate", "bacon em cubos", "oregano"]'::jsonb,'6005397.4907272',23) ON CONFLICT (id) DO NOTHING;
INSERT INTO opcoes (id,tenant_id,grupo_id,nome,descricao,preco,status,ingredientes,codigo_externo,ordem) VALUES ('9d5186ad-6406-5200-a894-8d7d5ce37d91','khardela:premiumpizzas:sjrp','4e20c0dd-9114-526b-8d30-c91f9fcb0d52','Mr. Pig','Molho Premium, Mussarela, Calabresa, Catupiry, Milho, Tomate, Bacon em Cubos, Orégano',59.9,'ATIVO','["molho premium", "mussarela", "calabresa", "catupiry", "milho", "tomate", "bacon em cubos", "oregano"]'::jsonb,'6005397.4907274',24) ON CONFLICT (id) DO NOTHING;
INSERT INTO opcoes (id,tenant_id,grupo_id,nome,descricao,preco,status,ingredientes,codigo_externo,ordem) VALUES ('12d210e4-b7b5-57c7-ae51-7ef6a1cfaea5','khardela:premiumpizzas:sjrp','4e20c0dd-9114-526b-8d30-c91f9fcb0d52','Nutella com Morango','Nutella, Morangos, Morango em Cubos',59.9,'ATIVO','["nutella", "morango"]'::jsonb,'6005397.4907278',25) ON CONFLICT (id) DO NOTHING;
INSERT INTO opcoes (id,tenant_id,grupo_id,nome,descricao,preco,status,ingredientes,codigo_externo,ordem) VALUES ('507981ed-e00d-5fe9-b396-a8cdb0e4d0c5','khardela:premiumpizzas:sjrp','4e20c0dd-9114-526b-8d30-c91f9fcb0d52','Premium','Molho Premium, Frango, Mussarela, Calabresa, Bacon, Milho, Azeitona, Orégano',59.9,'ATIVO','["molho premium", "frango", "mussarela", "calabresa", "bacon", "milho", "azeitona", "oregano"]'::jsonb,'6005397.4907273',26) ON CONFLICT (id) DO NOTHING;
INSERT INTO opcoes (id,tenant_id,grupo_id,nome,descricao,preco,status,ingredientes,codigo_externo,ordem) VALUES ('6086ccdc-1068-5724-86fb-9553bc15669b','khardela:premiumpizzas:sjrp','4e20c0dd-9114-526b-8d30-c91f9fcb0d52','Lombo','Molho Premium, Mussarela, Lombo Canadense, Milho, Catupiry, Alho-Poró, Bacon, Orégano',64.9,'ATIVO','["molho premium", "mussarela", "lombo", "milho", "catupiry", "alho poro", "bacon", "oregano"]'::jsonb,'6005397.4907270',27) ON CONFLICT (id) DO NOTHING;
INSERT INTO opcoes (id,tenant_id,grupo_id,nome,descricao,preco,status,ingredientes,codigo_externo,ordem) VALUES ('c9a163af-0947-5e8a-8b9f-52b859dfc697','khardela:premiumpizzas:sjrp','4e20c0dd-9114-526b-8d30-c91f9fcb0d52','Ninho com Nutella','Brigadeiro de Ninho, Nutella, Leite Ninho polvilhado, Uva, Morangos',64.9,'ATIVO','["brigadeiro de ninho", "nutella", "leite ninho", "uva", "morango"]'::jsonb,'6005397.12881560',28) ON CONFLICT (id) DO NOTHING;
INSERT INTO opcoes (id,tenant_id,grupo_id,nome,descricao,preco,status,ingredientes,codigo_externo,ordem) VALUES ('fba3a408-6d01-57c4-8c6b-8af4846f9b4f','khardela:premiumpizzas:sjrp','4e20c0dd-9114-526b-8d30-c91f9fcb0d52','Suprema','Molho Premium, Mussarela, Presunto, Calabresa, Bacon, Milho, Catupiry, Orégano',64.9,'ATIVO','["molho premium", "mussarela", "presunto", "calabresa", "bacon", "milho", "catupiry", "oregano"]'::jsonb,'6005397.4907276',29) ON CONFLICT (id) DO NOTHING;
INSERT INTO opcoes (id,tenant_id,grupo_id,nome,descricao,preco,status,ingredientes,codigo_externo,ordem) VALUES ('70bc0b69-fefc-5497-87b4-bb055dd19af4','khardela:premiumpizzas:sjrp','4e20c0dd-9114-526b-8d30-c91f9fcb0d52','Choco Premium','Nutella, Ferrero Rocher, Avelã Triturada',69.9,'ATIVO','["nutella", "ferrero rocher", "avela"]'::jsonb,'6005397.4907277',30) ON CONFLICT (id) DO NOTHING;
INSERT INTO opcoes (id,tenant_id,grupo_id,nome,descricao,preco,status,ingredientes,codigo_externo,ordem) VALUES ('736b016b-e1df-5aba-8730-dcb63512b435','khardela:premiumpizzas:sjrp','4e20c0dd-9114-526b-8d30-c91f9fcb0d52','Raffaello',NULL,69.9,'ATIVO','[]'::jsonb,NULL,31) ON CONFLICT (id) DO NOTHING;
INSERT INTO opcoes (id,tenant_id,grupo_id,nome,descricao,preco,status,ingredientes,codigo_externo,ordem) VALUES ('8e2da6c7-7206-563a-8e89-8b417e7adfd5','khardela:premiumpizzas:sjrp','4e20c0dd-9114-526b-8d30-c91f9fcb0d52','Mignon','Molho Premium, Filé Mignon, Mussarela, Tomate Cereja, Parmesão, Orégano',74.9,'ATIVO','["molho premium", "mignon", "mussarela", "tomate cereja", "parmesao", "oregano"]'::jsonb,'6005397.5074180',32) ON CONFLICT (id) DO NOTHING;
INSERT INTO opcoes (id,tenant_id,grupo_id,nome,descricao,preco,status,ingredientes,codigo_externo,ordem) VALUES ('9feea090-335a-5615-a677-e1c4e24242e2','khardela:premiumpizzas:sjrp','4e20c0dd-9114-526b-8d30-c91f9fcb0d52','Mignon Cremosa','Molho Premium, Filé Mignon, Mussarela, Tomate Cereja, Catupiry, Orégano',74.9,'ATIVO','["molho premium", "mignon", "mussarela", "tomate cereja", "catupiry", "oregano"]'::jsonb,'6005397.5074182',33) ON CONFLICT (id) DO NOTHING;
INSERT INTO opcoes (id,tenant_id,grupo_id,nome,descricao,preco,status,ingredientes,codigo_externo,ordem) VALUES ('58f1865c-0dc2-530c-819d-a78ec2ea9cd2','khardela:premiumpizzas:sjrp','4e20c0dd-9114-526b-8d30-c91f9fcb0d52','Mignon com Fritas','Molho Premium, Filé Mignon, Mussarela, Bacon em Cubos, Batata Frita, Orégano',74.9,'ATIVO','["molho premium", "mignon", "mussarela", "bacon em cubos", "batata frita", "oregano"]'::jsonb,'6005397.12881556',34) ON CONFLICT (id) DO NOTHING;
INSERT INTO opcoes (id,tenant_id,grupo_id,nome,descricao,preco,status,ingredientes,codigo_externo,ordem) VALUES ('c392a657-917d-581c-b95c-1aa8ade553b5','khardela:premiumpizzas:sjrp','4e20c0dd-9114-526b-8d30-c91f9fcb0d52','Camarão Rosa','Molho Premium, Camarão Rosa, Mussarela, Catupiry, Pimentões, Tomate Cereja, Alho-Poró, Azeite, Limão, Sal, Orégano',84.9,'ATIVO','["molho premium", "camarao", "mussarela", "catupiry", "pimentao", "tomate cereja", "alho poro", "azeite", "limao", "sal", "oregano"]'::jsonb,'6005397.12881559',35) ON CONFLICT (id) DO NOTHING;
INSERT INTO opcao_grupos (id,tenant_id,produto_id,nome,ordem,min_escolhas,max_escolhas,permite_repeticao,regra_preco,condicao) VALUES ('077ca4f7-50a2-5fc2-9ffa-a919d3fe2fe4','khardela:premiumpizzas:sjrp','b61abfbf-fc6c-50f1-a456-701c0b8b36ae','Recheio da borda',3,1,2,TRUE,'SOMA','{"mostrar_se": {"grupo": "Estilo de borda", "diferente_de": "Sem borda recheada"}}'::jsonb) ON CONFLICT (id) DO NOTHING;
INSERT INTO opcoes (id,tenant_id,grupo_id,nome,descricao,preco,status,ingredientes,codigo_externo,ordem) VALUES ('84d51a8a-f748-53fa-a568-619d37333a39','khardela:premiumpizzas:sjrp','077ca4f7-50a2-5fc2-9ffa-a919d3fe2fe4','Mussarela',NULL,0.0,'ATIVO','["Mussarela"]'::jsonb,NULL,1) ON CONFLICT (id) DO NOTHING;
INSERT INTO opcoes (id,tenant_id,grupo_id,nome,descricao,preco,status,ingredientes,codigo_externo,ordem) VALUES ('5fb3a26e-8e7b-5dc7-a3b0-e8566411e929','khardela:premiumpizzas:sjrp','077ca4f7-50a2-5fc2-9ffa-a919d3fe2fe4','Presunto e Mussarela',NULL,0.0,'ATIVO','["Presunto", "Mussarela"]'::jsonb,NULL,2) ON CONFLICT (id) DO NOTHING;
INSERT INTO opcoes (id,tenant_id,grupo_id,nome,descricao,preco,status,ingredientes,codigo_externo,ordem) VALUES ('7cdc34af-82b8-590e-92fe-b60d1c8fce13','khardela:premiumpizzas:sjrp','077ca4f7-50a2-5fc2-9ffa-a919d3fe2fe4','Catupiry',NULL,0.0,'ATIVO','["Catupiry"]'::jsonb,NULL,3) ON CONFLICT (id) DO NOTHING;
INSERT INTO opcoes (id,tenant_id,grupo_id,nome,descricao,preco,status,ingredientes,codigo_externo,ordem) VALUES ('2369fe53-263a-53ed-a393-06d981cde470','khardela:premiumpizzas:sjrp','077ca4f7-50a2-5fc2-9ffa-a919d3fe2fe4','Cheddar',NULL,0.0,'ATIVO','["Cheddar"]'::jsonb,NULL,4) ON CONFLICT (id) DO NOTHING;
INSERT INTO opcoes (id,tenant_id,grupo_id,nome,descricao,preco,status,ingredientes,codigo_externo,ordem) VALUES ('f2332fe7-f093-52e6-a54d-940e3b4b3071','khardela:premiumpizzas:sjrp','077ca4f7-50a2-5fc2-9ffa-a919d3fe2fe4','Bacon',NULL,0.0,'ATIVO','["Bacon"]'::jsonb,NULL,5) ON CONFLICT (id) DO NOTHING;
INSERT INTO opcoes (id,tenant_id,grupo_id,nome,descricao,preco,status,ingredientes,codigo_externo,ordem) VALUES ('17b4ad7c-2ffe-5aa3-87fe-be7c07fce59c','khardela:premiumpizzas:sjrp','077ca4f7-50a2-5fc2-9ffa-a919d3fe2fe4','Parmesão',NULL,0.0,'ATIVO','["Parmesão"]'::jsonb,NULL,6) ON CONFLICT (id) DO NOTHING;
INSERT INTO opcoes (id,tenant_id,grupo_id,nome,descricao,preco,status,ingredientes,codigo_externo,ordem) VALUES ('c6fd01e6-c3ce-5b99-b00f-4e2c2d082cc8','khardela:premiumpizzas:sjrp','077ca4f7-50a2-5fc2-9ffa-a919d3fe2fe4','Chocolate ao Leite',NULL,0.0,'ATIVO','["Chocolate ao Leite"]'::jsonb,NULL,7) ON CONFLICT (id) DO NOTHING;
INSERT INTO opcoes (id,tenant_id,grupo_id,nome,descricao,preco,status,ingredientes,codigo_externo,ordem) VALUES ('7b0b1aef-8ea5-54eb-abef-5c8d6c91d913','khardela:premiumpizzas:sjrp','077ca4f7-50a2-5fc2-9ffa-a919d3fe2fe4','Chocolate Branco',NULL,0.0,'ATIVO','["Chocolate Branco"]'::jsonb,NULL,8) ON CONFLICT (id) DO NOTHING;
INSERT INTO opcoes (id,tenant_id,grupo_id,nome,descricao,preco,status,ingredientes,codigo_externo,ordem) VALUES ('1620db37-a415-5602-9da2-0466e794f53c','khardela:premiumpizzas:sjrp','077ca4f7-50a2-5fc2-9ffa-a919d3fe2fe4','Ninho com Morango',NULL,0.0,'ATIVO','["Brigadeiro de Ninho", "Morango"]'::jsonb,NULL,9) ON CONFLICT (id) DO NOTHING;
INSERT INTO opcoes (id,tenant_id,grupo_id,nome,descricao,preco,status,ingredientes,codigo_externo,ordem) VALUES ('850d4f82-4871-51d6-8254-be107e9f42b3','khardela:premiumpizzas:sjrp','077ca4f7-50a2-5fc2-9ffa-a919d3fe2fe4','Ninho com Uva',NULL,0.0,'ATIVO','["Brigadeiro de Ninho", "Uva"]'::jsonb,NULL,10) ON CONFLICT (id) DO NOTHING;
INSERT INTO opcao_grupos (id,tenant_id,produto_id,nome,ordem,min_escolhas,max_escolhas,permite_repeticao,regra_preco,condicao) VALUES ('59ab7666-c046-51d0-a2b7-04e1daf19778','khardela:premiumpizzas:sjrp','b61abfbf-fc6c-50f1-a456-701c0b8b36ae','Adicionais',4,0,10,TRUE,'SOMA','{}'::jsonb) ON CONFLICT (id) DO NOTHING;
INSERT INTO opcoes (id,tenant_id,grupo_id,nome,descricao,preco,status,ingredientes,codigo_externo,ordem) VALUES ('9e22b00b-fc32-5ef6-b364-fba7a8e4be8c','khardela:premiumpizzas:sjrp','59ab7666-c046-51d0-a2b7-04e1daf19778','Bacon',NULL,9.9,'ATIVO','[]'::jsonb,'6005397.4907328',1) ON CONFLICT (id) DO NOTHING;
INSERT INTO opcoes (id,tenant_id,grupo_id,nome,descricao,preco,status,ingredientes,codigo_externo,ordem) VALUES ('63e401a8-71e6-510e-b4a9-cd1d267596ae','khardela:premiumpizzas:sjrp','59ab7666-c046-51d0-a2b7-04e1daf19778','Batata Palha',NULL,9.9,'ATIVO','[]'::jsonb,'6005397.12881565',2) ON CONFLICT (id) DO NOTHING;
INSERT INTO opcoes (id,tenant_id,grupo_id,nome,descricao,preco,status,ingredientes,codigo_externo,ordem) VALUES ('217a8c4e-ff26-56fd-a021-500d80d03d5c','khardela:premiumpizzas:sjrp','59ab7666-c046-51d0-a2b7-04e1daf19778','Catupiry',NULL,9.9,'ATIVO','[]'::jsonb,'6005397.4907329',3) ON CONFLICT (id) DO NOTHING;
INSERT INTO opcoes (id,tenant_id,grupo_id,nome,descricao,preco,status,ingredientes,codigo_externo,ordem) VALUES ('0598f50b-ef4f-5295-a371-3c5074d7f21a','khardela:premiumpizzas:sjrp','59ab7666-c046-51d0-a2b7-04e1daf19778','Cebola Roxa',NULL,9.9,'ATIVO','[]'::jsonb,'6005397.12881566',4) ON CONFLICT (id) DO NOTHING;
INSERT INTO opcoes (id,tenant_id,grupo_id,nome,descricao,preco,status,ingredientes,codigo_externo,ordem) VALUES ('8a97381a-6f49-5f4d-9504-aaba797cdad1','khardela:premiumpizzas:sjrp','59ab7666-c046-51d0-a2b7-04e1daf19778','Cheddar',NULL,9.9,'ATIVO','[]'::jsonb,'6005397.4907330',5) ON CONFLICT (id) DO NOTHING;
INSERT INTO opcoes (id,tenant_id,grupo_id,nome,descricao,preco,status,ingredientes,codigo_externo,ordem) VALUES ('cca2cdb1-efc1-573e-a362-380eb62aa1ea','khardela:premiumpizzas:sjrp','59ab7666-c046-51d0-a2b7-04e1daf19778','Milho',NULL,9.9,'ATIVO','[]'::jsonb,'6005397.4907333',6) ON CONFLICT (id) DO NOTHING;
INSERT INTO opcoes (id,tenant_id,grupo_id,nome,descricao,preco,status,ingredientes,codigo_externo,ordem) VALUES ('9e6dd77c-a421-5f12-932b-f812d0280fba','khardela:premiumpizzas:sjrp','59ab7666-c046-51d0-a2b7-04e1daf19778','Palmito',NULL,9.9,'ATIVO','[]'::jsonb,'6005397.4907332',7) ON CONFLICT (id) DO NOTHING;
INSERT INTO opcoes (id,tenant_id,grupo_id,nome,descricao,preco,status,ingredientes,codigo_externo,ordem) VALUES ('03067aea-7668-500f-9c1a-e226ed4101da','khardela:premiumpizzas:sjrp','59ab7666-c046-51d0-a2b7-04e1daf19778','Parmesão',NULL,9.9,'ATIVO','[]'::jsonb,'6005397.4907331',8) ON CONFLICT (id) DO NOTHING;
INSERT INTO opcoes (id,tenant_id,grupo_id,nome,descricao,preco,status,ingredientes,codigo_externo,ordem) VALUES ('83143845-adba-51a9-96c7-affad392831b','khardela:premiumpizzas:sjrp','59ab7666-c046-51d0-a2b7-04e1daf19778','Tomate',NULL,9.9,'ATIVO','[]'::jsonb,'6005397.12881567',9) ON CONFLICT (id) DO NOTHING;
INSERT INTO opcao_grupos (id,tenant_id,produto_id,nome,ordem,min_escolhas,max_escolhas,permite_repeticao,regra_preco,condicao) VALUES ('42fb501d-c1d2-5663-b13e-a0cd7265a0f0','khardela:premiumpizzas:sjrp','b61abfbf-fc6c-50f1-a456-701c0b8b36ae','Extras',5,0,5,TRUE,'SOMA','{}'::jsonb) ON CONFLICT (id) DO NOTHING;
INSERT INTO opcoes (id,tenant_id,grupo_id,nome,descricao,preco,status,ingredientes,codigo_externo,ordem) VALUES ('8d5e0b3c-46d2-5a15-b677-cab02938c492','khardela:premiumpizzas:sjrp','42fb501d-c1d2-5663-b13e-a0cd7265a0f0','Heinz Ketchup + Maionese 12un',NULL,3.99,'ATIVO','[]'::jsonb,'6005397.4907053',1) ON CONFLICT (id) DO NOTHING;
INSERT INTO preparos (id,tenant_id,nome,fonte) VALUES ('c7739d5e-5d5c-56b7-bd5a-73166974cda9','khardela:premiumpizzas:sjrp','Massa','20 massas') ON CONFLICT (tenant_id,nome) DO NOTHING;
INSERT INTO preparo_itens (id,tenant_id,preparo_id,insumo_nome,quantidade,unidade) VALUES ('446aa2ee-b888-54c3-b03c-a2b7b71e1135','khardela:premiumpizzas:sjrp','c7739d5e-5d5c-56b7-bd5a-73166974cda9','Farinha',6.0,'kg') ON CONFLICT (id) DO NOTHING;
INSERT INTO preparo_itens (id,tenant_id,preparo_id,insumo_nome,quantidade,unidade) VALUES ('42ff22bc-f2bf-5684-83a1-485c2f5f406b','khardela:premiumpizzas:sjrp','c7739d5e-5d5c-56b7-bd5a-73166974cda9','Fermento',26.0,'g') ON CONFLICT (id) DO NOTHING;
INSERT INTO preparo_itens (id,tenant_id,preparo_id,insumo_nome,quantidade,unidade) VALUES ('ab53e8b8-997d-5cbb-84ad-26b027797141','khardela:premiumpizzas:sjrp','c7739d5e-5d5c-56b7-bd5a-73166974cda9','Óleo de Girassol',120.0,'ml') ON CONFLICT (id) DO NOTHING;
INSERT INTO preparo_itens (id,tenant_id,preparo_id,insumo_nome,quantidade,unidade) VALUES ('112fb6af-c50d-5c5a-913d-976e2ab3506d','khardela:premiumpizzas:sjrp','c7739d5e-5d5c-56b7-bd5a-73166974cda9','Sal',120.0,'g') ON CONFLICT (id) DO NOTHING;
INSERT INTO preparo_itens (id,tenant_id,preparo_id,insumo_nome,quantidade,unidade) VALUES ('822c6baa-7b9f-5967-92be-8a7ac0c7b492','khardela:premiumpizzas:sjrp','c7739d5e-5d5c-56b7-bd5a-73166974cda9','Água Gelada',1500.0,'ml') ON CONFLICT (id) DO NOTHING;
INSERT INTO preparo_itens (id,tenant_id,preparo_id,insumo_nome,quantidade,unidade) VALUES ('5f2cf7c9-11d2-5980-b86b-7d788adfdfcf','khardela:premiumpizzas:sjrp','c7739d5e-5d5c-56b7-bd5a-73166974cda9','Gelo',1840.0,'ml') ON CONFLICT (id) DO NOTHING;
INSERT INTO preparo_itens (id,tenant_id,preparo_id,insumo_nome,quantidade,unidade) VALUES ('d62dd495-6108-5caf-b4d1-8d124549b1f5','khardela:premiumpizzas:sjrp','c7739d5e-5d5c-56b7-bd5a-73166974cda9','Farinha',8.0,'kg') ON CONFLICT (id) DO NOTHING;
INSERT INTO preparo_itens (id,tenant_id,preparo_id,insumo_nome,quantidade,unidade) VALUES ('fb4ef73b-b3b9-58ff-ab96-3f507693c465','khardela:premiumpizzas:sjrp','c7739d5e-5d5c-56b7-bd5a-73166974cda9','Fermento',35.0,'g') ON CONFLICT (id) DO NOTHING;
INSERT INTO preparo_itens (id,tenant_id,preparo_id,insumo_nome,quantidade,unidade) VALUES ('7f265243-1c5a-52fc-b8fb-42eb0f803453','khardela:premiumpizzas:sjrp','c7739d5e-5d5c-56b7-bd5a-73166974cda9','Óleo de Girassol',160.0,'ml') ON CONFLICT (id) DO NOTHING;
INSERT INTO preparo_itens (id,tenant_id,preparo_id,insumo_nome,quantidade,unidade) VALUES ('9e942797-e903-5127-a7eb-9bc3d7af8545','khardela:premiumpizzas:sjrp','c7739d5e-5d5c-56b7-bd5a-73166974cda9','Sal',160.0,'g') ON CONFLICT (id) DO NOTHING;
INSERT INTO preparo_itens (id,tenant_id,preparo_id,insumo_nome,quantidade,unidade) VALUES ('e80e3c6a-e933-5934-8379-71c03665a41b','khardela:premiumpizzas:sjrp','c7739d5e-5d5c-56b7-bd5a-73166974cda9','Água Gelada',2000.0,'ml') ON CONFLICT (id) DO NOTHING;
INSERT INTO preparo_itens (id,tenant_id,preparo_id,insumo_nome,quantidade,unidade) VALUES ('80c96946-b06d-57c3-9b9f-f78dd5aceb31','khardela:premiumpizzas:sjrp','c7739d5e-5d5c-56b7-bd5a-73166974cda9','Gelo',2470.0,'ml') ON CONFLICT (id) DO NOTHING;
INSERT INTO preparo_itens (id,tenant_id,preparo_id,insumo_nome,quantidade,unidade) VALUES ('f2a01aee-ce18-5c77-bf96-3d1ad4c82795','khardela:premiumpizzas:sjrp','c7739d5e-5d5c-56b7-bd5a-73166974cda9','Farinha',12.0,'kg') ON CONFLICT (id) DO NOTHING;
INSERT INTO preparo_itens (id,tenant_id,preparo_id,insumo_nome,quantidade,unidade) VALUES ('58008768-c138-5a25-b947-6e2e95a7399e','khardela:premiumpizzas:sjrp','c7739d5e-5d5c-56b7-bd5a-73166974cda9','Fermento',52.0,'g') ON CONFLICT (id) DO NOTHING;
INSERT INTO preparo_itens (id,tenant_id,preparo_id,insumo_nome,quantidade,unidade) VALUES ('c86a9ea5-c19a-557f-a79e-9eb312f56b6d','khardela:premiumpizzas:sjrp','c7739d5e-5d5c-56b7-bd5a-73166974cda9','Óleo de Girassol',240.0,'ml') ON CONFLICT (id) DO NOTHING;
INSERT INTO preparo_itens (id,tenant_id,preparo_id,insumo_nome,quantidade,unidade) VALUES ('c2280dcf-a828-59ff-98f4-224213b1ec14','khardela:premiumpizzas:sjrp','c7739d5e-5d5c-56b7-bd5a-73166974cda9','Sal',240.0,'g') ON CONFLICT (id) DO NOTHING;
INSERT INTO preparo_itens (id,tenant_id,preparo_id,insumo_nome,quantidade,unidade) VALUES ('31740ff1-dbca-56ec-9f11-b9b676cd3bf5','khardela:premiumpizzas:sjrp','c7739d5e-5d5c-56b7-bd5a-73166974cda9','Água Gelada',3000.0,'ml') ON CONFLICT (id) DO NOTHING;
INSERT INTO preparo_itens (id,tenant_id,preparo_id,insumo_nome,quantidade,unidade) VALUES ('bf84b2b4-ac1b-50ac-97fe-623d35858d63','khardela:premiumpizzas:sjrp','c7739d5e-5d5c-56b7-bd5a-73166974cda9','Gelo',3700.0,'ml') ON CONFLICT (id) DO NOTHING;
INSERT INTO preparos (id,tenant_id,nome,fonte) VALUES ('74f42629-2c61-53d9-b224-eabe83b5f808','khardela:premiumpizzas:sjrp','Brigadeiro de Ninho','5 receitas') ON CONFLICT (tenant_id,nome) DO NOTHING;
INSERT INTO preparo_itens (id,tenant_id,preparo_id,insumo_nome,quantidade,unidade) VALUES ('19896b12-a58f-52d4-ad28-10d1e4c6385b','khardela:premiumpizzas:sjrp','74f42629-2c61-53d9-b224-eabe83b5f808','Leite Condensado',5.0,'unid 375g') ON CONFLICT (id) DO NOTHING;
INSERT INTO preparo_itens (id,tenant_id,preparo_id,insumo_nome,quantidade,unidade) VALUES ('94aac741-af93-510e-a894-736ac5c7acdc','khardela:premiumpizzas:sjrp','74f42629-2c61-53d9-b224-eabe83b5f808','Creme de Leite',2.0,'litros') ON CONFLICT (id) DO NOTHING;
INSERT INTO preparo_itens (id,tenant_id,preparo_id,insumo_nome,quantidade,unidade) VALUES ('529cf1b9-c5c6-505d-8ba7-6859970f5e55','khardela:premiumpizzas:sjrp','74f42629-2c61-53d9-b224-eabe83b5f808','Leite em pó',250.0,'g') ON CONFLICT (id) DO NOTHING;
INSERT INTO preparos (id,tenant_id,nome,fonte) VALUES ('f07eeb64-cd53-51d9-89c3-b8c975beda6f','khardela:premiumpizzas:sjrp','Camarão','1 porção') ON CONFLICT (tenant_id,nome) DO NOTHING;
INSERT INTO preparo_itens (id,tenant_id,preparo_id,insumo_nome,quantidade,unidade) VALUES ('3faf8660-59a8-5ec9-9ff2-d9a98bbe2b8c','khardela:premiumpizzas:sjrp','f07eeb64-cd53-51d9-89c3-b8c975beda6f','Camarão',240.0,'g') ON CONFLICT (id) DO NOTHING;
INSERT INTO preparo_itens (id,tenant_id,preparo_id,insumo_nome,quantidade,unidade) VALUES ('54ed9a13-33ce-5108-8259-6b2a197d2b40','khardela:premiumpizzas:sjrp','f07eeb64-cd53-51d9-89c3-b8c975beda6f','Azeite',5.0,'ml') ON CONFLICT (id) DO NOTHING;
INSERT INTO preparo_itens (id,tenant_id,preparo_id,insumo_nome,quantidade,unidade) VALUES ('f299d1a8-d20d-5534-9ede-bd07d902e9ab','khardela:premiumpizzas:sjrp','f07eeb64-cd53-51d9-89c3-b8c975beda6f','Limão Siciliano',5.0,'ml') ON CONFLICT (id) DO NOTHING;
INSERT INTO preparo_itens (id,tenant_id,preparo_id,insumo_nome,quantidade,unidade) VALUES ('d8d9c071-13b7-5d9c-8283-3c1368161c80','khardela:premiumpizzas:sjrp','f07eeb64-cd53-51d9-89c3-b8c975beda6f','Sal',2.25,'g') ON CONFLICT (id) DO NOTHING;
INSERT INTO preparos (id,tenant_id,nome,fonte) VALUES ('587e5553-3313-51da-ae20-0d28f8b89522','khardela:premiumpizzas:sjrp','Mignon','1 porção') ON CONFLICT (tenant_id,nome) DO NOTHING;
INSERT INTO preparo_itens (id,tenant_id,preparo_id,insumo_nome,quantidade,unidade) VALUES ('79ec9e3b-e3cc-5514-8fe3-e0e3f226eac6','khardela:premiumpizzas:sjrp','587e5553-3313-51da-ae20-0d28f8b89522','Filé Mignon',240.0,'g') ON CONFLICT (id) DO NOTHING;
INSERT INTO preparo_itens (id,tenant_id,preparo_id,insumo_nome,quantidade,unidade) VALUES ('219c20da-9527-54dd-94d8-a8d45157252f','khardela:premiumpizzas:sjrp','587e5553-3313-51da-ae20-0d28f8b89522','Manteiga',25.0,'g') ON CONFLICT (id) DO NOTHING;
INSERT INTO preparo_itens (id,tenant_id,preparo_id,insumo_nome,quantidade,unidade) VALUES ('7e95d153-2154-58a2-9e0e-8db96dc66533','khardela:premiumpizzas:sjrp','587e5553-3313-51da-ae20-0d28f8b89522','Sal',2.4,'g') ON CONFLICT (id) DO NOTHING;
INSERT INTO preparo_itens (id,tenant_id,preparo_id,insumo_nome,quantidade,unidade) VALUES ('df6a5864-7090-5da4-b0a1-430c930cde69','khardela:premiumpizzas:sjrp','587e5553-3313-51da-ae20-0d28f8b89522','Cebola',30.0,'g') ON CONFLICT (id) DO NOTHING;
INSERT INTO insumo_custos (id,tenant_id,insumo_nome,custo,unidade) VALUES ('82d85f77-5751-5f20-9f9d-24286eaf2371','khardela:premiumpizzas:sjrp','Alho-poró',0.0,'g') ON CONFLICT (id) DO NOTHING;
INSERT INTO insumo_custos (id,tenant_id,insumo_nome,custo,unidade) VALUES ('68d89d11-2df1-58fb-972b-9143d8a10aba','khardela:premiumpizzas:sjrp','Avelã triturada',0.0,'g') ON CONFLICT (id) DO NOTHING;
INSERT INTO insumo_custos (id,tenant_id,insumo_nome,custo,unidade) VALUES ('72412b22-dca0-5480-9ea9-d1909703e457','khardela:premiumpizzas:sjrp','Azeite',0.0,'ml') ON CONFLICT (id) DO NOTHING;
INSERT INTO insumo_custos (id,tenant_id,insumo_nome,custo,unidade) VALUES ('8d693eb2-9f98-562d-b286-79dad59281b0','khardela:premiumpizzas:sjrp','Azeitona',0.0,'rodelas') ON CONFLICT (id) DO NOTHING;
INSERT INTO insumo_custos (id,tenant_id,insumo_nome,custo,unidade) VALUES ('3e0f4217-310a-507b-be5f-c5d58e47dccd','khardela:premiumpizzas:sjrp','Bacon cubos',0.0,'g') ON CONFLICT (id) DO NOTHING;
INSERT INTO insumo_custos (id,tenant_id,insumo_nome,custo,unidade) VALUES ('0135981f-1afb-54b2-85e3-27240c7f989e','khardela:premiumpizzas:sjrp','Bacon em cubos',0.0,'g') ON CONFLICT (id) DO NOTHING;
INSERT INTO insumo_custos (id,tenant_id,insumo_nome,custo,unidade) VALUES ('01bee01a-2e1f-5364-9916-1a8f27727ebb','khardela:premiumpizzas:sjrp','Bacon fatiado',0.0,'g') ON CONFLICT (id) DO NOTHING;
INSERT INTO insumo_custos (id,tenant_id,insumo_nome,custo,unidade) VALUES ('ad27e5c1-8d89-5cfe-a6e7-79d81c09c1eb','khardela:premiumpizzas:sjrp','Batata frita',0.0,'g') ON CONFLICT (id) DO NOTHING;
INSERT INTO insumo_custos (id,tenant_id,insumo_nome,custo,unidade) VALUES ('a0d5ee64-1d6b-50af-9252-5af21ed929ff','khardela:premiumpizzas:sjrp','Batata palha',0.0,'g') ON CONFLICT (id) DO NOTHING;
INSERT INTO insumo_custos (id,tenant_id,insumo_nome,custo,unidade) VALUES ('4a325862-e277-5efd-988f-d26f6ece8bb7','khardela:premiumpizzas:sjrp','Bolinha de Mussarela',0.0,'unidades de 35g') ON CONFLICT (id) DO NOTHING;
INSERT INTO insumo_custos (id,tenant_id,insumo_nome,custo,unidade) VALUES ('a15cb9a0-8e9d-51c0-a3bb-4429abc320cd','khardela:premiumpizzas:sjrp','Bolinha de Mussarela com Orégano',0.0,'unidades de 35g') ON CONFLICT (id) DO NOTHING;
INSERT INTO insumo_custos (id,tenant_id,insumo_nome,custo,unidade) VALUES ('414408a8-4621-5122-af3e-cc54b5213a60','khardela:premiumpizzas:sjrp','Bolinha de Presunto + Mussarela',0.0,'unidades de 35g') ON CONFLICT (id) DO NOTHING;
INSERT INTO insumo_custos (id,tenant_id,insumo_nome,custo,unidade) VALUES ('6af45ae5-b913-5ffd-b54e-2c0afa704f7e','khardela:premiumpizzas:sjrp','Brigadeiro de Ninho',0.0,'g') ON CONFLICT (id) DO NOTHING;
INSERT INTO insumo_custos (id,tenant_id,insumo_nome,custo,unidade) VALUES ('73547569-8eb4-557c-8de6-5ed3f0604048','khardela:premiumpizzas:sjrp','Calabresa',0.0,'g') ON CONFLICT (id) DO NOTHING;
INSERT INTO insumo_custos (id,tenant_id,insumo_nome,custo,unidade) VALUES ('0a5ca77d-694e-5750-a1a3-f458fee174a7','khardela:premiumpizzas:sjrp','Calabresa ralada',0.0,'g') ON CONFLICT (id) DO NOTHING;
INSERT INTO insumo_custos (id,tenant_id,insumo_nome,custo,unidade) VALUES ('f0b8000c-7ffe-5f23-a261-149653c0cba3','khardela:premiumpizzas:sjrp','Camarão',0.0,'g') ON CONFLICT (id) DO NOTHING;
INSERT INTO insumo_custos (id,tenant_id,insumo_nome,custo,unidade) VALUES ('f0835979-f154-5110-8530-bc0ea80a19aa','khardela:premiumpizzas:sjrp','Camarão preparado',0.0,'g') ON CONFLICT (id) DO NOTHING;
INSERT INTO insumo_custos (id,tenant_id,insumo_nome,custo,unidade) VALUES ('9788b663-decf-595b-9f71-4978635340f3','khardela:premiumpizzas:sjrp','Catupiry',0.0,'g') ON CONFLICT (id) DO NOTHING;
INSERT INTO insumo_custos (id,tenant_id,insumo_nome,custo,unidade) VALUES ('53cbba47-1406-5bd9-b152-7040c398aff2','khardela:premiumpizzas:sjrp','Cebola',0.0,'g') ON CONFLICT (id) DO NOTHING;
INSERT INTO insumo_custos (id,tenant_id,insumo_nome,custo,unidade) VALUES ('4e2ef599-a3b7-51d8-adbd-77986adde339','khardela:premiumpizzas:sjrp','Cebola Roxa',0.0,'g') ON CONFLICT (id) DO NOTHING;
INSERT INTO insumo_custos (id,tenant_id,insumo_nome,custo,unidade) VALUES ('5d46a047-b41e-58d6-a80e-53630aa51573','khardela:premiumpizzas:sjrp','Cheddar',0.0,'g') ON CONFLICT (id) DO NOTHING;
INSERT INTO insumo_custos (id,tenant_id,insumo_nome,custo,unidade) VALUES ('cd34d00b-35b9-55f9-81ad-20ddb4fd81fe','khardela:premiumpizzas:sjrp','Chips ao leite',0.0,'g') ON CONFLICT (id) DO NOTHING;
INSERT INTO insumo_custos (id,tenant_id,insumo_nome,custo,unidade) VALUES ('e7f7f9be-183d-5722-a505-7a8ccdffab78','khardela:premiumpizzas:sjrp','Chips branco',0.0,'g') ON CONFLICT (id) DO NOTHING;
INSERT INTO insumo_custos (id,tenant_id,insumo_nome,custo,unidade) VALUES ('d6ad5cde-8711-5d19-945a-fe9e203d5634','khardela:premiumpizzas:sjrp','Chocolate ao leite',0.0,'g') ON CONFLICT (id) DO NOTHING;
INSERT INTO insumo_custos (id,tenant_id,insumo_nome,custo,unidade) VALUES ('c16dcb1a-6e3a-52e8-9be6-f94ec9fa4a42','khardela:premiumpizzas:sjrp','Chocolate branco',0.0,'g') ON CONFLICT (id) DO NOTHING;
INSERT INTO insumo_custos (id,tenant_id,insumo_nome,custo,unidade) VALUES ('670c0ea3-ea15-552b-befa-3e53c53c4e73','khardela:premiumpizzas:sjrp','Coco chips',0.0,'g') ON CONFLICT (id) DO NOTHING;
INSERT INTO insumo_custos (id,tenant_id,insumo_nome,custo,unidade) VALUES ('8b5286cf-701b-5e4c-9d8f-5daa8e6502b6','khardela:premiumpizzas:sjrp','Coco ralado',0.0,'g') ON CONFLICT (id) DO NOTHING;
INSERT INTO insumo_custos (id,tenant_id,insumo_nome,custo,unidade) VALUES ('3da1b8c4-c315-58c0-bbc3-d0b9813c6a9f','khardela:premiumpizzas:sjrp','Creme de Leite',0.0,'litros') ON CONFLICT (id) DO NOTHING;
INSERT INTO insumo_custos (id,tenant_id,insumo_nome,custo,unidade) VALUES ('543209cf-2444-5a8e-bda3-2a798a8b59df','khardela:premiumpizzas:sjrp','Diamante Negro',0.0,'quadradinhos') ON CONFLICT (id) DO NOTHING;
INSERT INTO insumo_custos (id,tenant_id,insumo_nome,custo,unidade) VALUES ('faab3198-d9b2-5b71-b915-8796dd9aa976','khardela:premiumpizzas:sjrp','Doce de leite',0.0,'g') ON CONFLICT (id) DO NOTHING;
INSERT INTO insumo_custos (id,tenant_id,insumo_nome,custo,unidade) VALUES ('ae439733-9e8c-574c-ba6e-6c6c25cc4ec8','khardela:premiumpizzas:sjrp','Farinha',0.0,'kg') ON CONFLICT (id) DO NOTHING;
INSERT INTO insumo_custos (id,tenant_id,insumo_nome,custo,unidade) VALUES ('8f41c78a-c0ba-5f7a-b2d5-18a4d04fe1fc','khardela:premiumpizzas:sjrp','Fermento',0.0,'g') ON CONFLICT (id) DO NOTHING;
INSERT INTO insumo_custos (id,tenant_id,insumo_nome,custo,unidade) VALUES ('0ef04dbf-d4ee-5681-a2c6-ffcba5372618','khardela:premiumpizzas:sjrp','Ferrero Rocher',0.0,'metades') ON CONFLICT (id) DO NOTHING;
INSERT INTO insumo_custos (id,tenant_id,insumo_nome,custo,unidade) VALUES ('1b55a48b-3074-54de-ba9c-f94ad996edc3','khardela:premiumpizzas:sjrp','Filé Mignon',0.0,'g') ON CONFLICT (id) DO NOTHING;
INSERT INTO insumo_custos (id,tenant_id,insumo_nome,custo,unidade) VALUES ('1dfe54e6-a6ff-56ed-bb9c-a6d7deb88dc4','khardela:premiumpizzas:sjrp','Filé Mignon preparado',0.0,'g') ON CONFLICT (id) DO NOTHING;
INSERT INTO insumo_custos (id,tenant_id,insumo_nome,custo,unidade) VALUES ('93ff6be6-0d7b-578e-b603-0f74cb65281d','khardela:premiumpizzas:sjrp','Frango',0.0,'g') ON CONFLICT (id) DO NOTHING;
INSERT INTO insumo_custos (id,tenant_id,insumo_nome,custo,unidade) VALUES ('3eee3a49-df1c-5a81-8884-94de089b6b25','khardela:premiumpizzas:sjrp','Gelo',0.0,'ml') ON CONFLICT (id) DO NOTHING;
INSERT INTO insumo_custos (id,tenant_id,insumo_nome,custo,unidade) VALUES ('0d16c55f-c769-5a1a-9a9b-176cdda91946','khardela:premiumpizzas:sjrp','Ketchup e Maionese',0.0,'un') ON CONFLICT (id) DO NOTHING;
INSERT INTO insumo_custos (id,tenant_id,insumo_nome,custo,unidade) VALUES ('1f829f22-b15d-5d1e-8d6b-9463c686e972','khardela:premiumpizzas:sjrp','Leite Condensado',0.0,'unid 375g') ON CONFLICT (id) DO NOTHING;
INSERT INTO insumo_custos (id,tenant_id,insumo_nome,custo,unidade) VALUES ('6aae693e-97d0-5e13-9d78-fe482b2b270e','khardela:premiumpizzas:sjrp','Leite em pó',0.0,'g') ON CONFLICT (id) DO NOTHING;
INSERT INTO insumo_custos (id,tenant_id,insumo_nome,custo,unidade) VALUES ('313eb0c1-676e-59f3-9af6-bc8cdc017886','khardela:premiumpizzas:sjrp','Leite Ninho',0.0,'g') ON CONFLICT (id) DO NOTHING;
INSERT INTO insumo_custos (id,tenant_id,insumo_nome,custo,unidade) VALUES ('eebfb1b1-32bc-508c-abc3-f1cd8784927d','khardela:premiumpizzas:sjrp','Limão siciliano',0.0,'ml') ON CONFLICT (id) DO NOTHING;
INSERT INTO insumo_custos (id,tenant_id,insumo_nome,custo,unidade) VALUES ('b5b9e76c-5a1b-507b-aceb-17f2f6e0977d','khardela:premiumpizzas:sjrp','Limão Siciliano',0.0,'ml') ON CONFLICT (id) DO NOTHING;
INSERT INTO insumo_custos (id,tenant_id,insumo_nome,custo,unidade) VALUES ('906ad09c-c076-5aff-9822-cbc36dc423f9','khardela:premiumpizzas:sjrp','Lombo fatiado',0.0,'g') ON CONFLICT (id) DO NOTHING;
INSERT INTO insumo_custos (id,tenant_id,insumo_nome,custo,unidade) VALUES ('76eeba94-f174-50bb-b9b9-1c3da1e62605','khardela:premiumpizzas:sjrp','Manjericão',0.0,'fresco') ON CONFLICT (id) DO NOTHING;
INSERT INTO insumo_custos (id,tenant_id,insumo_nome,custo,unidade) VALUES ('aea00fc2-9f54-575d-ae31-50763f17604f','khardela:premiumpizzas:sjrp','Manteiga',0.0,'g') ON CONFLICT (id) DO NOTHING;
INSERT INTO insumo_custos (id,tenant_id,insumo_nome,custo,unidade) VALUES ('5186bf70-d8e8-5cdc-815b-7c71df945d9b','khardela:premiumpizzas:sjrp','Massa preparada',0.0,'g') ON CONFLICT (id) DO NOTHING;
INSERT INTO insumo_custos (id,tenant_id,insumo_nome,custo,unidade) VALUES ('ed846c69-4967-57d3-b801-58888d1a0c63','khardela:premiumpizzas:sjrp','Milho',0.0,'g') ON CONFLICT (id) DO NOTHING;
INSERT INTO insumo_custos (id,tenant_id,insumo_nome,custo,unidade) VALUES ('079bdf1a-8244-5bdc-b867-197c608a425f','khardela:premiumpizzas:sjrp','Molho Premium',0.0,'concha') ON CONFLICT (id) DO NOTHING;
INSERT INTO insumo_custos (id,tenant_id,insumo_nome,custo,unidade) VALUES ('6dea43b7-cc33-538c-bac6-12b81280ad27','khardela:premiumpizzas:sjrp','Morango',0.0,'metades') ON CONFLICT (id) DO NOTHING;
INSERT INTO insumo_custos (id,tenant_id,insumo_nome,custo,unidade) VALUES ('87e93eb3-d5e3-5808-aa95-6dcc9c8bec94','khardela:premiumpizzas:sjrp','Morango em cubos',0.0,'g') ON CONFLICT (id) DO NOTHING;
INSERT INTO insumo_custos (id,tenant_id,insumo_nome,custo,unidade) VALUES ('64168042-eec2-55ec-bafe-9fda3d428fb4','khardela:premiumpizzas:sjrp','Mussarela',0.0,'g') ON CONFLICT (id) DO NOTHING;
INSERT INTO insumo_custos (id,tenant_id,insumo_nome,custo,unidade) VALUES ('64168042-eec2-55ec-bafe-9fda3d428fb4','khardela:premiumpizzas:sjrp','Mussarela',0.0,'recheio') ON CONFLICT (id) DO NOTHING;
INSERT INTO insumo_custos (id,tenant_id,insumo_nome,custo,unidade) VALUES ('edf89a80-9eae-5154-911d-af1d02b2ebd5','khardela:premiumpizzas:sjrp','Mussarela com orégano',0.0,'recheio') ON CONFLICT (id) DO NOTHING;
INSERT INTO insumo_custos (id,tenant_id,insumo_nome,custo,unidade) VALUES ('84e1a3b1-83e8-5efe-98cb-46445ae5ce89','khardela:premiumpizzas:sjrp','Nutella',0.0,'g') ON CONFLICT (id) DO NOTHING;
INSERT INTO insumo_custos (id,tenant_id,insumo_nome,custo,unidade) VALUES ('c164c610-ae24-55f5-af7e-be91b8d956ab','khardela:premiumpizzas:sjrp','Orégano',0.0,'g') ON CONFLICT (id) DO NOTHING;
INSERT INTO insumo_custos (id,tenant_id,insumo_nome,custo,unidade) VALUES ('daf954a1-7ab2-54ff-a0d2-05b594d80595','khardela:premiumpizzas:sjrp','Ouro Branco',0.0,'metades') ON CONFLICT (id) DO NOTHING;
INSERT INTO insumo_custos (id,tenant_id,insumo_nome,custo,unidade) VALUES ('48fb86f9-c620-5577-b654-517caf164475','khardela:premiumpizzas:sjrp','Ovo',0.0,'fatiados') ON CONFLICT (id) DO NOTHING;
INSERT INTO insumo_custos (id,tenant_id,insumo_nome,custo,unidade) VALUES ('17e87ee6-afac-5ef8-b7e7-58fbcaf70b76','khardela:premiumpizzas:sjrp','Palmito',0.0,'g') ON CONFLICT (id) DO NOTHING;
INSERT INTO insumo_custos (id,tenant_id,insumo_nome,custo,unidade) VALUES ('fdf4fcb8-459c-5174-a5f0-67c05a0d8df3','khardela:premiumpizzas:sjrp','Parmesão',0.0,'g') ON CONFLICT (id) DO NOTHING;
INSERT INTO insumo_custos (id,tenant_id,insumo_nome,custo,unidade) VALUES ('1371ee8a-0022-50f0-b5c8-00d8d5901c8f','khardela:premiumpizzas:sjrp','Pepperoni',0.0,'g') ON CONFLICT (id) DO NOTHING;
INSERT INTO insumo_custos (id,tenant_id,insumo_nome,custo,unidade) VALUES ('f3b507ea-8e2e-5306-ae07-f3fc87688c5c','khardela:premiumpizzas:sjrp','Pimentão amarelo',0.0,'g') ON CONFLICT (id) DO NOTHING;
INSERT INTO insumo_custos (id,tenant_id,insumo_nome,custo,unidade) VALUES ('8ffda739-6ef4-559b-9163-882ea7956df7','khardela:premiumpizzas:sjrp','Pimentão vermelho',0.0,'g') ON CONFLICT (id) DO NOTHING;
INSERT INTO insumo_custos (id,tenant_id,insumo_nome,custo,unidade) VALUES ('40ba5675-9d50-5a3c-bfd8-01fc0279ad50','khardela:premiumpizzas:sjrp','Prestígio',0.0,'quadradinhos') ON CONFLICT (id) DO NOTHING;
INSERT INTO insumo_custos (id,tenant_id,insumo_nome,custo,unidade) VALUES ('3050afef-1834-5d4b-8e44-ccfd6586bdd5','khardela:premiumpizzas:sjrp','Presunto e mussarela',0.0,'recheio') ON CONFLICT (id) DO NOTHING;
INSERT INTO insumo_custos (id,tenant_id,insumo_nome,custo,unidade) VALUES ('7b88bcb6-fb77-52cf-8880-198c4c12d5e4','khardela:premiumpizzas:sjrp','Presunto picado',0.0,'g') ON CONFLICT (id) DO NOTHING;
INSERT INTO insumo_custos (id,tenant_id,insumo_nome,custo,unidade) VALUES ('f005632f-d072-5280-836f-f39564ed2077','khardela:premiumpizzas:sjrp','Provolone',0.0,'g') ON CONFLICT (id) DO NOTHING;
INSERT INTO insumo_custos (id,tenant_id,insumo_nome,custo,unidade) VALUES ('db9a8433-9f9a-53c5-88e8-f79bd906dd58','khardela:premiumpizzas:sjrp','Raffaello',0.0,'metades') ON CONFLICT (id) DO NOTHING;
INSERT INTO insumo_custos (id,tenant_id,insumo_nome,custo,unidade) VALUES ('ffb36d93-1a06-5aec-9892-600a324f027b','khardela:premiumpizzas:sjrp','Rolinho de mussarela',0.0,'rolinhos') ON CONFLICT (id) DO NOTHING;
INSERT INTO insumo_custos (id,tenant_id,insumo_nome,custo,unidade) VALUES ('ac840c18-8bb3-5280-93fa-bd4e3fde349f','khardela:premiumpizzas:sjrp','Rolinho de presunto',0.0,'rolinhos') ON CONFLICT (id) DO NOTHING;
INSERT INTO insumo_custos (id,tenant_id,insumo_nome,custo,unidade) VALUES ('981561e3-caf5-5d0c-a565-47fd80497697','khardela:premiumpizzas:sjrp','Rolinho de presunto e mussarela',0.0,'rolinhos') ON CONFLICT (id) DO NOTHING;
INSERT INTO insumo_custos (id,tenant_id,insumo_nome,custo,unidade) VALUES ('c56d4518-80db-5ffd-801a-54ef4c48e9cd','khardela:premiumpizzas:sjrp','Rúcula picada',0.0,'g') ON CONFLICT (id) DO NOTHING;
INSERT INTO insumo_custos (id,tenant_id,insumo_nome,custo,unidade) VALUES ('6c35a2e3-3c6f-5e03-afc6-077aeddab893','khardela:premiumpizzas:sjrp','Sal',0.0,'g') ON CONFLICT (id) DO NOTHING;
INSERT INTO insumo_custos (id,tenant_id,insumo_nome,custo,unidade) VALUES ('22d46c54-9763-580c-9178-bf20150f8dd1','khardela:premiumpizzas:sjrp','Sonho de Valsa',0.0,'metades') ON CONFLICT (id) DO NOTHING;
INSERT INTO insumo_custos (id,tenant_id,insumo_nome,custo,unidade) VALUES ('f13f8b86-46be-5185-a770-b69819260299','khardela:premiumpizzas:sjrp','Tomate',0.0,'fatias') ON CONFLICT (id) DO NOTHING;
INSERT INTO insumo_custos (id,tenant_id,insumo_nome,custo,unidade) VALUES ('f13f8b86-46be-5185-a770-b69819260299','khardela:premiumpizzas:sjrp','Tomate',0.0,'g') ON CONFLICT (id) DO NOTHING;
INSERT INTO insumo_custos (id,tenant_id,insumo_nome,custo,unidade) VALUES ('9c955719-c9de-5c87-81a1-2c301ba16854','khardela:premiumpizzas:sjrp','Tomate cereja',0.0,'g') ON CONFLICT (id) DO NOTHING;
INSERT INTO insumo_custos (id,tenant_id,insumo_nome,custo,unidade) VALUES ('43c5fe06-65eb-5ebc-9842-9441ebe637a0','khardela:premiumpizzas:sjrp','Uva',0.0,'metades') ON CONFLICT (id) DO NOTHING;
INSERT INTO insumo_custos (id,tenant_id,insumo_nome,custo,unidade) VALUES ('606f7d0a-2d4c-574f-88e0-d50cc99ace3c','khardela:premiumpizzas:sjrp','Vulcões montados',0.0,'unidades') ON CONFLICT (id) DO NOTHING;
INSERT INTO insumo_custos (id,tenant_id,insumo_nome,custo,unidade) VALUES ('a292d1c2-59d3-5662-bf5e-d143d51454e9','khardela:premiumpizzas:sjrp','Água Gelada',0.0,'ml') ON CONFLICT (id) DO NOTHING;
INSERT INTO insumo_custos (id,tenant_id,insumo_nome,custo,unidade) VALUES ('68cb5985-2b82-515f-99af-0cd2cfd1786e','khardela:premiumpizzas:sjrp','Óleo de Girassol',0.0,'ml') ON CONFLICT (id) DO NOTHING;
